"","State","District","earliest_block_date","Age","Total_HHs_Mob","Total_SHGs","RF_Eligible","RF_Provided_Num","RF_Amt","CIF_Provided_Num","CIF_Amt","Total_CIS","state_code","district_code","censuscode"
"1","ARUNACHAL PRADESH","EAST KAMENG",2017-10-01,0.5,145,17,0,0,0,0,0,0,3,303,247
"2","ARUNACHAL PRADESH","EAST SIANG",2017-10-01,0.5,685,66,0,0,0,0,0,0,3,307,251
"3","ARUNACHAL PRADESH","LOHIT",2017-09-11,0.6,223,26,3,0,0,0,0,0,3,309,259
"4","ARUNACHAL PRADESH","LOWER DIBANG VALLEY",2016-10-06,1.5,853,85,62,46,6.9,11,5.6,12.5,3,314,258
"5","ARUNACHAL PRADESH","LOWER SUBANSIRI",2017-10-01,0.5,919,111,60,39,5.8,0,0,5.8,3,304,255
"6","ARUNACHAL PRADESH","PAPUM PARE",2016-09-15,1.6,832,107,64,41,6.2,0,0,6.2,3,312,248
"7","ARUNACHAL PRADESH","UPPER SIANG",2017-10-01,0.5,182,19,19,9,1.4,0,0,1.4,3,313,252
"8","ARUNACHAL PRADESH","UPPER SUBANSIRI",2016-10-01,1.5,748,86,57,52,7.8,0,0,7.8,3,305,249
"9","ARUNACHAL PRADESH","WEST SIANG",2017-10-01,0.5,1402,142,60,43,6.5,0,0,6.5,3,306,250
"10","ASSAM","BAKSA",2017-12-01,0.4,33031,3006,2012,1854,269.6,256,116.5,386.1,4,424,324
"11","ASSAM","BARPETA",2015-08-01,2.7,31831,3125,2658,2550,366.9,744,353.2,720.1,4,405,303
"12","ASSAM","BONGAIGAON",2017-12-01,0.4,29962,2660,2175,1858,265.2,734,320,585.2,4,403,319
"13","ASSAM","CACHAR",2017-12-01,0.4,19515,1707,1373,1254,180.6,245,122.5,303.1,4,423,316
"14","ASSAM","CHIRANG",2012-11-09,5.4,49699,4237,3732,3631,523.7,1213,606.5,1130.2,4,425,320
"15","ASSAM","DARRANG",2017-12-01,0.4,36739,3509,3035,2499,355.6,653,326.2,681.8,4,408,325
"16","ASSAM","DHEMAJI",2017-12-01,0.4,54349,5144,4173,3765,536,1034,517,1053,4,411,308
"17","ASSAM","DHUBRI",2017-12-01,0.4,14292,1390,1357,1066,159.4,250,125,284.4,4,401,301
"18","ASSAM","DIBRUGARH",2017-12-01,0.4,33553,2930,2711,2348,303.9,477,194.9,498.8,4,417,310
"19","ASSAM","DIMA HASAO(NORTH CACHAR HILLS)",2017-12-01,0.4,8854,857,807,682,96.3,323,161.5,257.8,4,420,315
"20","ASSAM","GOALPARA",2017-12-01,0.4,37144,3571,2502,2337,330.7,587,293.5,624.2,4,404,302
"21","ASSAM","GOLAGHAT",2017-12-01,0.4,52656,5096,3274,3088,391.5,1011,505.5,897,4,414,313
"22","ASSAM","HAILAKANDI",2017-12-01,0.4,27573,2418,2058,1836,272.6,296,148,420.6,4,422,318
"23","ASSAM","JORHAT",2017-12-01,0.4,47401,4391,4092,3806,483.1,1401,700.5,1183.6,4,415,312
"24","ASSAM","KAMRUP",2017-12-01,0.4,54464,5392,3958,3265,422.2,1631,774.6,1196.8,4,407,321
"25","ASSAM","KAMRUP-METRO",2015-08-07,2.7,22695,2350,2265,2206,313.6,831,387.5,701.1,4,426,322
"26","ASSAM","KARBI ANGLONG",2013-01-01,5.3,35541,3365,2789,2265,333.1,1194,596.8,929.9,4,419,314
"27","ASSAM","KARIMGANJ",2017-12-01,0.4,32855,2876,2577,2128,303.4,710,355,658.4,4,421,317
"28","ASSAM","KOKRAJHAR",2015-08-01,2.7,42335,3920,3591,3211,458.1,1388,433.8,891.9,4,402,300
"29","ASSAM","LAKHIMPUR",2017-12-01,0.4,35991,3433,3143,2710,365.2,963,481.5,846.7,4,410,307
"30","ASSAM","MORIGAON",2017-12-01,0.4,39864,3786,3083,2192,311.8,757,281,592.8,4,412,304
"31","ASSAM","NAGAON",2017-12-01,0.4,113685,10687,7872,7542,1098.4,3957,1978.5,3076.9,4,413,305
"32","ASSAM","NALBARI",2017-12-01,0.4,40613,3468,3853,2363,310.9,583,291.8,602.7,4,406,323
"33","ASSAM","SIVASAGAR",2017-12-01,0.4,30089,2780,1702,1541,176.1,167,83.5,259.6,4,416,311
"34","ASSAM","SONITPUR",2017-12-01,0.4,43023,4282,3500,2976,423.8,1286,596.5,1020.3,4,409,306
"35","ASSAM","TINSUKIA",2013-01-01,5.3,54922,5204,4602,4072,555.3,1586,593.2,1148.5,4,418,309
"36","ASSAM","UDALGURI",2015-09-01,2.6,56040,5192,3804,3149,436.9,959,479.8,916.7,4,427,326
"37","BIHAR","ARARIA",2014-06-28,3.8,187152,15768,8697,6606,987.9,4254,825.4,1813.3,5,541,209
"38","BIHAR","ARWAL",2014-02-15,4.1,78560,6624,4921,4135,620.2,2667,655,1275.2,5,551,240
"39","BIHAR","AURANAGABAD",2014-03-06,4.1,208070,17558,13123,7548,1128.6,7251,1611.2,2739.8,5,505,235
"40","BIHAR","BANKA",2013-11-01,4.4,180740,15688,9517,6934,1040.1,4227,848.1,1888.2,5,545,225
"41","BIHAR","BEGUSARAI",2013-10-03,4.5,232067,19430,15308,9982,1497.3,7153,1742.2,3239.5,5,517,222
"42","BIHAR","BHAGALPUR",2014-02-07,4.2,253129,21244,14603,10096,1512.3,7462,1407.6,2919.9,5,527,224
"43","BIHAR","BHOJPUR",2014-03-04,4.1,161223,13637,10691,7927,1186,5333,1423.8,2609.8,5,503,231
"44","BIHAR","BUXAR",2014-03-05,4.1,118641,10201,8154,4652,696.4,3321,675.5,1371.9,5,548,232
"45","BIHAR","DARBHANGA",2013-03-13,5.1,300749,26009,18588,16422,2461.8,11262,2124.4,4586.2,5,519,215
"46","BIHAR","GAYA",2013-09-01,4.6,447216,35083,29403,26908,4023.2,24872,10574.5,14597.7,5,507,236
"47","BIHAR","GOPALGANJ",2014-02-13,4.2,239627,20068,11643,4940,741,4853,1890.3,2631.3,5,511,217
"48","BIHAR","JAMUI",2013-01-02,5.3,166203,13819,11709,10120,1516.8,7586,2329.7,3846.5,5,550,238
"49","BIHAR","JEHANABAD",2014-02-15,4.1,104363,9115,7304,6629,991.2,2941,847.7,1838.9,5,506,239
"50","BIHAR","KAIMUR alias BHABUA",2014-01-01,4.3,135461,11443,6976,5389,808.2,2669,599.2,1407.4,5,549,233
"51","BIHAR","KATIHAR",2013-12-04,4.3,289750,24168,16910,14875,2204.1,8634,2924.6,5128.7,5,524,212
"52","BIHAR","KHAGARIA",2010-01-01,8.3,204896,16465,14821,12894,1933.9,11607,5095.1,7029,5,525,223
"53","BIHAR","KISHANGANJ",2014-02-28,4.1,118074,10140,6034,4504,675.3,4557,993.1,1668.4,5,542,210
"54","BIHAR","LAKHISARAI",2014-03-05,4.1,75129,6159,4720,4559,682.9,2882,664.8,1347.7,5,546,227
"55","BIHAR","MADHEPURA",2010-12-01,7.4,248425,20510,16922,14295,2144.2,11315,4388.6,6532.8,5,522,213
"56","BIHAR","MADHUBANI",2010-01-01,8.3,468129,38109,28459,15461,2300.2,13165,6720.6,9020.8,5,520,207
"57","BIHAR","MUNGER",2014-03-05,4.1,117765,9688,8338,7497,1124.5,7697,1762.1,2886.6,5,526,226
"58","BIHAR","MUZAFFARPUR",2007-04-03,11,514539,42129,34375,24823,3712.8,21972,10961.9,14674.7,5,515,216
"59","BIHAR","NALANDA",2008-05-02,9.9,291688,24798,23912,22102,3315.3,21468,8412.9,11728.2,5,502,229
"60","BIHAR","NAWADA",2012-10-03,5.5,223217,18602,14105,12529,1877.7,8282,1339.5,3217.2,5,508,237
"61","BIHAR","PASHCHIM CHAMPARAN",2013-02-15,5.1,353088,29554,19025,15310,2290.5,9486,3434.3,5724.8,5,512,203
"62","BIHAR","PATNA",2014-04-02,4,331768,27598,21969,18795,2772.8,18533,5215.6,7988.4,5,501,230
"63","BIHAR","PURBI CHAMPARAN",2012-10-03,5.5,469606,39728,22973,18400,2760,14539,5088.4,7848.4,5,513,204
"64","BIHAR","PURNIA",2007-10-02,10.5,343758,28293,22968,21116,3159.4,19072,8463.5,11622.9,5,523,211
"65","BIHAR","ROHTAS",2014-03-06,4.1,247028,21217,14314,10573,1585.7,6379,1893.2,3478.9,5,504,234
"66","BIHAR","SAHARSA",2014-03-06,4.1,217088,17705,13534,9743,1460,7006,1065.2,2525.2,5,521,214
"67","BIHAR","SAMASTIPUR",2014-03-01,4.1,431518,37290,23246,14113,2116.9,9703,3274.6,5391.5,5,518,221
"68","BIHAR","SARAN",2014-03-05,4.1,246269,20782,13033,7626,1142.1,4466,863.5,2005.6,5,509,219
"69","BIHAR","SHEIKHPURA",2014-03-05,4.1,53037,4521,3840,2451,367.6,1983,328.4,696,5,547,228
"70","BIHAR","SHEOHAR",2014-03-06,4.1,67171,5854,3821,3045,456.8,2064,452.9,909.7,5,543,205
"71","BIHAR","SITAMARHI",2012-10-03,5.5,265254,22253,14716,12619,1892.5,7990,1909.7,3802.2,5,514,206
"72","BIHAR","SIWAN",2014-02-01,4.2,211320,18026,9975,6632,988.2,3534,1084.3,2072.5,5,510,218
"73","BIHAR","SUPAUL",2014-06-04,3.8,241122,20637,15207,12150,1807.1,9317,3040.2,4847.3,5,544,208
"74","BIHAR","VAISHALI",2014-02-21,4.1,265021,20628,15275,10051,1507.7,5640,1576.1,3083.8,5,516,220
"75","CHHATTISGARH","BASTAR",2012-06-01,5.9,80049,6965,5173,4848,712.2,3475,2094.6,2806.8,33,3311,414
"76","CHHATTISGARH","BIJAPUR",2016-06-01,1.9,2865,284,177,161,24.1,81,51.3,75.4,33,3317,417
"77","CHHATTISGARH","BILASPUR",2016-10-01,1.5,7385,744,450,420,63,222,133.2,196.2,33,3301,406
"78","CHHATTISGARH","DANTEWADA",2015-05-01,2.9,13904,1276,825,595,89.2,446,284.5,373.7,33,3312,416
"79","CHHATTISGARH","DHAMTARI",2014-05-01,3.9,65867,5683,5043,3638,545.7,1303,826.8,1372.5,33,3309,412
"80","CHHATTISGARH","DURG",2016-10-01,1.5,9302,778,377,273,41,152,91.2,132.2,33,3303,409
"81","CHHATTISGARH","GARIYABAND",2012-06-01,5.9,63221,5833,4280,3248,487.2,1658,983.5,1470.7,33,3320,645
"82","CHHATTISGARH","JANJGIR-CHAMPA",2016-06-01,1.9,7623,756,301,252,37.8,43,25.8,63.6,33,3314,405
"83","CHHATTISGARH","JASHPUR",2016-06-01,1.9,10230,867,902,580,80.5,189,113.4,193.9,33,3307,402
"84","CHHATTISGARH","KANKER",2015-02-01,3.2,68507,6275,3721,3440,516,1534,917.3,1433.3,33,3310,413
"85","CHHATTISGARH","KAWARDHA",2016-06-01,1.9,15840,1143,584,415,62.2,240,144,206.2,33,3302,407
"86","CHHATTISGARH","KORBA",2016-10-01,1.5,29751,2548,1630,1108,166.2,313,189.6,355.8,33,3308,404
"87","CHHATTISGARH","KOREA",2016-10-01,1.5,25634,2370,994,697,104.5,404,242.4,346.9,33,3306,400
"88","CHHATTISGARH","MAHASAMUND",2016-10-01,1.5,7230,641,302,286,42.9,130,78,120.9,33,3315,411
"89","CHHATTISGARH","NARAYANPUR",2015-09-01,2.6,10584,1020,1332,478,71.7,161,96.6,168.3,33,3318,415
"90","CHHATTISGARH","RAIGARH",2015-10-10,2.5,12121,1072,539,263,39.5,197,127.7,167.2,33,3313,403
"91","CHHATTISGARH","RAIPUR",2013-08-01,4.7,89054,8286,5403,3912,585.9,1778,1115.5,1701.4,33,3316,410
"92","CHHATTISGARH","RAJNANDAGON",2015-05-01,2.9,145535,12682,11712,7481,1122,4636,2663.3,3785.3,33,3304,408
"93","CHHATTISGARH","SURGUJA",2013-08-01,4.7,121392,11231,8271,4539,680.7,710,441.4,1122.1,33,3305,401
"94","GUJARAT","AHMADABAD",2015-03-01,3.1,108673,7206,7214,6720,411,158,77.9,488.9,11,1112,474
"95","GUJARAT","AMRELI",2015-03-01,3.1,56627,5325,5332,4534,484.7,680,345,829.7,11,1105,480
"96","GUJARAT","ANAND",2015-03-01,3.1,62273,5869,3625,2106,265,823,329.9,594.9,11,1122,482
"97","GUJARAT","BANAS KANTHA",2015-03-01,3.1,116395,10453,6021,5156,486.9,822,411,897.9,11,1108,469
"98","GUJARAT","BHARUCH",2015-03-01,3.1,61651,6588,5146,4808,341.7,2,0.9,342.6,11,1116,488
"99","GUJARAT","BHAVNAGAR",2015-03-01,3.1,47820,4098,3648,3597,195.1,90,45,240.1,11,1104,481
"100","GUJARAT","DOHAD",2015-03-01,3.1,118790,9620,8199,7830,844.7,1439,718,1562.7,11,1123,485
"101","GUJARAT","GANDHINAGAR",2015-03-01,3.1,87600,5731,6381,5682,312,110,55,367,11,1111,473
"102","GUJARAT","JAMNAGAR",2015-03-01,3.1,88401,6152,5988,5866,314,673,305.1,619.1,11,1101,477
"103","GUJARAT","JUNAGADH",2015-03-01,3.1,77047,4815,5301,4917,259,153,76.5,335.5,11,1106,479
"104","GUJARAT","KACHCHH",2015-03-01,3.1,105171,8461,4547,3026,201.3,190,95,296.3,11,1107,468
"105","GUJARAT","KHEDA",2015-03-01,3.1,135551,12645,11761,11440,699.9,214,93.5,793.4,11,1113,483
"106","GUJARAT","MAHESANA",2015-03-01,3.1,84002,6783,5702,5152,345,482,241,586,11,1110,471
"107","GUJARAT","NARMADA",2015-03-01,3.1,56688,4245,3502,3159,297.8,490,184,481.8,11,1124,487
"108","GUJARAT","NAVSARI",2015-03-01,3.1,100881,8508,8512,8103,708.4,585,156.4,864.8,11,1125,490
"109","GUJARAT","PANCH MAHALS",2016-04-01,2,110631,7229,8453,6034,545.4,867,433.5,978.9,11,1114,484
"110","GUJARAT","PATAN",2015-03-01,3.1,96597,6361,7098,6806,483.3,636,346.5,829.8,11,1120,470
"111","GUJARAT","PORBANDAR",2015-03-01,3.1,12284,1343,598,519,40.5,86,43,83.5,11,1121,478
"112","GUJARAT","RAJKOT",2015-03-01,3.1,59756,4726,4694,4543,350.8,633,264.3,615.1,11,1102,476
"113","GUJARAT","SABAR KANTHA",2015-03-01,3.1,111220,6973,8561,8156,501.6,199,100.5,602.1,11,1109,472
"114","GUJARAT","SURAT",2015-03-01,3.1,140987,9616,9865,9645,648,649,325,973,11,1117,492
"115","GUJARAT","SURENDRANAGAR",2015-03-01,3.1,82616,7789,6803,6712,542.4,997,506.5,1048.9,11,1103,475
"116","GUJARAT","TAPI",2015-03-01,3.1,119860,9557,9623,8021,596.5,1194,402.1,998.6,11,1126,493
"117","GUJARAT","VADODARA",2016-04-01,2,95440,7208,6338,6306,330.4,31,14.6,345,11,1115,486
"118","GUJARAT","VALSAD",2015-03-01,3.1,123121,10972,9782,9010,614.9,844,337.8,952.7,11,1118,491
"119","HARYANA","AMBALA",2017-04-01,1,2664,257,190,133,13.7,0,0,13.7,12,1201,70
"120","HARYANA","BHIWANI",2016-06-03,1.8,17175,1608,1276,1067,133.1,393,185,318.1,12,1213,81
"121","HARYANA","FARIDABAD",2017-08-01,0.7,3531,315,197,49,5.4,0,0,5.4,12,1209,88
"122","HARYANA","FATEHABAD",2014-05-05,3.9,12052,1045,1094,822,90.8,69,34.5,125.3,12,1218,78
"123","HARYANA","GURGAON",2017-06-01,0.9,2498,213,15,15,1.5,0,0,1.5,12,1210,86
"124","HARYANA","HISAR",2018-01-01,0.3,5656,430,405,396,49.1,70,35,84.1,12,1215,80
"125","HARYANA","JHAJJAR",2017-05-01,0.9,14605,1280,907,765,94,166,79.3,173.3,12,1220,83
"126","HARYANA","JIND",2015-04-01,3,6385,538,433,282,28.9,0,0,28.9,12,1214,77
"127","HARYANA","KAITHAL",2016-04-01,2,17458,1355,1137,817,100.7,482,231.6,332.3,12,1204,73
"128","HARYANA","KARNAL",2015-04-01,3,17740,1537,1407,1073,118.8,467,172.9,291.7,12,1205,74
"129","HARYANA","KURUKSHETRA",2017-05-20,0.9,3575,413,228,209,22.3,2,3.7,26,12,1203,72
"130","HARYANA","MAHENDRAGARH",2017-10-01,0.5,1373,124,58,20,2.2,0,0,2.2,12,1212,84
"131","HARYANA","MEWAT",2016-06-01,1.9,19399,1855,966,826,97.9,287,190.8,288.7,12,1219,87
"132","HARYANA","PALWAL",2017-05-10,0.9,3924,378,188,110,11,0,0,11,12,1221,89
"133","HARYANA","PANCHKULA",2016-08-01,1.7,7536,686,578,519,58.9,119,52.6,111.5,12,1217,69
"134","HARYANA","PANIPAT",2017-07-01,0.8,3217,280,137,123,12.3,0,0,12.3,12,1206,75
"135","HARYANA","REWARI",2017-05-15,0.9,3361,296,164,94,9.4,0,0,9.4,12,1211,85
"136","HARYANA","ROHTAK",2017-05-01,0.9,7974,688,611,534,61.2,323,131.7,192.9,12,1208,82
"137","HARYANA","SIRSA",2016-08-26,1.6,1792,127,108,85,8.5,40,20,28.5,12,1216,79
"138","HARYANA","SONIPAT",2017-08-01,0.7,3070,238,173,138,14.4,0,0,14.4,12,1207,76
"139","HARYANA","YAMUNANAGAR",2017-04-01,1,4513,362,372,287,28.7,65,24.6,53.3,12,1202,71
"140","HIMACHAL PRADESH","BILASPUR",2016-04-01,2,3879,370,241,136,19.4,8,4,23.4,13,1301,30
"141","HIMACHAL PRADESH","CHAMBA",2016-04-01,2,1882,282,125,67,7.5,0,0,7.5,13,1302,23
"142","HIMACHAL PRADESH","HAMIRPUR",2016-04-01,2,4635,523,197,123,13.6,21,10.2,23.8,13,1303,28
"143","HIMACHAL PRADESH","KANGRA",2013-04-01,5,3282,369,320,205,28.4,17,4.2,32.6,13,1304,24
"144","HIMACHAL PRADESH","KINNAUR",2016-04-01,2,925,123,36,24,3.6,0,0,3.6,13,1305,34
"145","HIMACHAL PRADESH","KULLU",2016-04-01,2,3013,371,250,113,12.6,0,0,12.6,13,1306,26
"146","HIMACHAL PRADESH","LAHUL AND SPITI",2016-04-01,2,811,74,67,33,4.1,0,0,4.1,13,1307,25
"147","HIMACHAL PRADESH","MANDI",2013-04-01,5,7141,933,711,468,55.3,91,67.8,123.1,13,1308,27
"148","HIMACHAL PRADESH","SHIMLA",2013-04-01,5,3275,347,284,238,29.1,31,22.7,51.8,13,1309,33
"149","HIMACHAL PRADESH","SIRMAUR",2016-04-01,2,3893,402,201,156,16.4,0,0,16.4,13,1310,32
"150","HIMACHAL PRADESH","SOLAN",2013-04-01,5,3800,461,344,233,25.9,61,26.2,52.1,13,1311,31
"151","HIMACHAL PRADESH","UNA",2013-04-01,5,6425,577,415,413,56.8,86,57.2,114,13,1312,29
"152","JAMMU AND KASHMIR","ANANTNAG",2016-11-01,1.4,23841,2673,2441,2441,366.1,1670,668,1034.1,14,1406,14
"153","JAMMU AND KASHMIR","BARAMULLA",2016-11-01,1.4,21864,2328,1636,1530,229.5,1230,492,721.5,14,1402,8
"154","JAMMU AND KASHMIR","BUDGAM",2018-01-01,0.3,22090,2284,1850,1566,234.9,1336,534.4,769.3,14,1404,2
"155","JAMMU AND KASHMIR","DODA",2018-01-01,0.3,10191,1175,1127,976,146.1,909,363.6,509.7,14,1409,16
"156","JAMMU AND KASHMIR","GANDERBAL",2016-12-01,1.4,9727,1100,705,698,104.7,568,227.2,331.9,14,1420,11
"157","JAMMU AND KASHMIR","JAMMU",2017-01-01,1.3,28078,2715,2707,2266,339.9,1906,762.4,1102.3,14,1413,21
"158","JAMMU AND KASHMIR","KARGIL",2015-07-01,2.8,2525,228,228,180,27,103,41.2,68.2,14,1408,4
"159","JAMMU AND KASHMIR","KATHUA",2018-01-01,0.3,8986,919,720,714,107.1,709,283.6,390.7,14,1414,7
"160","JAMMU AND KASHMIR","KISHTWAR",2017-01-01,1.3,7097,743,759,611,91.7,535,214,305.7,14,1415,18
"161","JAMMU AND KASHMIR","KULGAM",2018-01-01,0.3,7147,897,355,308,46.2,159,63.6,109.8,14,1421,15
"162","JAMMU AND KASHMIR","KUPWARA",2016-11-01,1.4,20414,2313,2333,1795,269.2,1092,436.8,706,14,1401,1
"163","JAMMU AND KASHMIR","LEH",2015-07-01,2.8,2118,214,139,139,20.9,138,55.2,76.1,14,1407,3
"164","JAMMU AND KASHMIR","PULWAMA",2016-07-04,1.8,10325,960,566,551,82.7,346,138.4,221.1,14,1405,12
"165","JAMMU AND KASHMIR","RAMBAN",2018-01-01,0.3,4089,491,490,236,35.4,135,54,89.4,14,1416,17
"166","JAMMU AND KASHMIR","REASI",2017-01-01,1.3,7368,830,452,452,67.8,275,110,177.8,14,1417,20
"167","JAMMU AND KASHMIR","SAMBA",2017-01-01,1.3,10697,1068,1064,841,126.2,812,324.8,451,14,1418,22
"168","JAMMU AND KASHMIR","SHOPIAN",2016-11-01,1.4,4009,372,281,275,41.2,176,70.4,111.6,14,1422,13
"169","JAMMU AND KASHMIR","SRINAGAR",2016-11-01,1.4,2488,346,225,225,33.8,156,62.4,96.2,14,1403,10
"170","JAMMU AND KASHMIR","UDHAMPUR",2017-01-01,1.3,16950,1700,1691,1144,171.1,1063,425.2,596.3,14,1410,19
"171","JHARKHAND","BOKARO",2017-08-01,0.7,74489,6286,4973,1575,236.1,329,164.5,400.6,34,3420,355
"172","JHARKHAND","CHATRA",2018-01-01,0.3,37413,3104,1234,328,49.2,0,0,49.2,34,3417,347
"173","JHARKHAND","DEOGHAR",2017-09-01,0.6,32842,2776,793,353,52.6,122,61,113.6,34,3422,350
"174","JHARKHAND","DHANBAD",2016-11-01,1.4,12417,1010,504,118,17.7,0,0,17.7,34,3421,354
"175","JHARKHAND","DUMKA",2018-01-01,0.3,67229,5479,2876,2116,317.4,1411,790.2,1107.6,34,3411,362
"176","JHARKHAND","EAST SINGHBUM",2017-05-01,0.9,92162,7804,4374,1806,270.8,761,372.4,643.2,34,3410,357
"177","JHARKHAND","GARHWA",2017-10-01,0.5,22544,1918,701,195,29.2,147,73.5,102.7,34,3407,346
"178","JHARKHAND","GIRIDIH",2017-07-01,0.8,132977,10275,7681,6185,922.3,3221,1843.3,2765.6,34,3419,349
"179","JHARKHAND","GODDA",2013-11-01,4.4,67935,5531,4352,2293,343.8,1686,1022.8,1366.6,34,3415,351
"180","JHARKHAND","GUMLA",2017-01-01,1.3,115738,8851,6470,5200,775.2,3520,2000.2,2775.4,34,3403,366
"181","JHARKHAND","HAZARIBAGH",2017-10-01,0.5,60568,4544,2402,966,144.9,590,295,439.9,34,3416,360
"182","JHARKHAND","JAMTARA",2016-03-01,2.1,26916,2192,714,427,64,129,64.5,128.5,34,3412,363
"183","JHARKHAND","KHUNTI",2017-06-01,0.9,77304,6095,3716,2547,382.1,2005,1068.5,1450.6,34,3424,365
"184","JHARKHAND","KODERMA",2017-10-01,0.5,27265,2327,763,34,3.6,0,0,3.6,34,3418,348
"185","JHARKHAND","LATEHAR",2015-07-01,2.8,84890,7386,5152,3783,566.1,1560,874.6,1440.7,34,3406,359
"186","JHARKHAND","LOHARDAGA",2017-01-01,1.3,51516,4207,3141,2397,359.6,2002,1115.2,1474.8,34,3402,356
"187","JHARKHAND","PAKUR",2015-02-01,3.2,108388,8585,5900,4309,631.6,3937,2309.4,2941,34,3414,353
"188","JHARKHAND","PALAMU",2018-01-01,0.3,109129,9115,6147,5434,814.1,3044,1484.4,2298.5,34,3405,358
"189","JHARKHAND","RAMGARH",2016-12-01,1.4,50723,4245,1689,612,91.8,0,0,91.8,34,3423,361
"190","JHARKHAND","RANCHI",2015-01-01,3.3,182798,15138,12182,7948,1178.2,4141,2242.4,3420.6,34,3401,364
"191","JHARKHAND","SAHEBGANJ",2016-12-01,1.4,23702,1974,715,181,27.1,133,66.5,93.6,34,3413,352
"192","JHARKHAND","SARAIKELA KHARSAWAN",2016-09-01,1.6,55032,4558,2890,817,122.5,165,82.5,205,34,3409,369
"193","JHARKHAND","SIMDEGA",2015-01-01,3.3,67981,5844,3848,2033,304.9,1463,844.9,1149.8,34,3404,367
"194","JHARKHAND","WEST SINGHBHUM",2017-09-01,0.6,164443,13050,8570,4659,696.3,5103,2755.9,3452.2,34,3408,368
"195","KARNATAKA","BAGALKOTE",2016-03-01,2.1,3513,277,0,0,0,0,0,0,15,1501,556
"196","KARNATAKA","BELGAUM",2016-03-01,2.1,6294,516,53,6,0.9,0,0,0.9,15,1504,555
"197","KARNATAKA","BELLARY",2016-03-01,2.1,2297,199,111,48,5.9,0,0,5.9,15,1505,565
"198","KARNATAKA","BIDAR",2016-03-01,2.1,6873,505,366,0,0,0,0,0,15,1506,558
"199","KARNATAKA","BIJAPUR",2016-03-01,2.1,4648,336,128,32,4.8,0,0,4.8,15,1507,557
"200","KARNATAKA","CHAMARAJA NAGARA",2016-03-01,2.1,8816,581,139,61,9,0,0,9,15,1508,578
"201","KARNATAKA","CHIKKABALLAPURA",2016-03-01,2.1,1301,79,45,23,2.5,0,0,2.5,15,1528,582
"202","KARNATAKA","CHIKMAGALUR",2016-03-01,2.1,3195,212,168,3,0.4,0,0,0.4,15,1509,570
"203","KARNATAKA","CHITRADURGA",2016-03-01,2.1,7559,498,71,9,1.4,0,0,1.4,15,1510,566
"204","KARNATAKA","DAVANAGERE",2016-03-01,2.1,6327,470,172,32,4.8,0,0,4.8,15,1512,567
"205","KARNATAKA","DHARWAR",2016-03-01,2.1,7772,648,536,10,1.5,0,0,1.5,15,1513,562
"206","KARNATAKA","GADAG",2013-09-02,4.6,60748,5048,2740,1441,213.2,1617,1445.8,1659,15,1514,561
"207","KARNATAKA","GULBARGA",2016-03-01,2.1,7966,451,216,68,6.1,0,0,6.1,15,1515,579
"208","KARNATAKA","HASSAN",2016-03-01,2.1,9863,651,61,32,4.8,0,0,4.8,15,1516,574
"209","KARNATAKA","HAVERI",2016-03-01,2.1,1130,106,48,48,5.2,0,0,5.2,15,1517,564
"210","KARNATAKA","KOLAR",2016-03-01,2.1,3646,206,120,83,10.8,0,0,10.8,15,1519,581
"211","KARNATAKA","KOPPAL",2013-09-02,4.6,60186,4852,2720,886,132.9,1602,1547.5,1680.4,15,1520,560
"212","KARNATAKA","MANDYA",2016-03-01,2.1,4894,300,299,1,0.2,0,0,0.2,15,1521,573
"213","KARNATAKA","MYSORE",2013-09-02,4.6,112424,7739,2628,1275,189.4,3230,3025.9,3215.3,15,1522,577
"214","KARNATAKA","RAICHUR",2016-03-01,2.1,3080,282,76,18,2.7,0,0,2.7,15,1523,559
"215","KARNATAKA","RAMANAGARA",2016-03-01,2.1,5384,366,25,9,1.4,0,0,1.4,15,1529,584
"216","KARNATAKA","SHIMOGA",2016-03-01,2.1,6925,386,341,17,2.5,0,0,2.5,15,1524,568
"217","KARNATAKA","TUMKUR",2016-03-01,2.1,117828,8031,1895,1323,198.4,1792,1798.6,1997,15,1525,571
"218","KARNATAKA","UTTARA KANNADA",2016-03-01,2.1,36077,3055,1809,702,105.2,1217,935.6,1040.8,15,1527,563
"219","KARNATAKA","YADGIR",2016-03-01,2.1,2148,151,13,13,2,0,0,2,15,1530,580
"220","KERALA","ALAPPUZHA",2013-03-21,5.1,273575,18054,17917,133,19.6,112,47.8,67.4,16,1611,598
"221","KERALA","ERNAKULAM",2013-03-21,5.1,257694,18208,16471,616,90,218,70.8,160.8,16,1608,595
"222","KERALA","IDUKKI",2012-08-17,5.6,163885,12149,12191,70,10.2,177,88.5,98.7,16,1609,596
"223","KERALA","KANNUR",2013-03-21,5.1,289847,17599,17504,197,12.9,66,32,44.9,16,1602,589
"224","KERALA","KASARGODE",2013-03-21,5.1,161941,9752,9380,342,51.3,80,40,91.3,16,1601,588
"225","KERALA","KOLLAM",2013-03-21,5.1,282460,20777,20064,393,58.8,170,85.5,144.3,16,1613,600
"226","KERALA","KOTTAYAM",2013-03-21,5.1,215367,13972,13888,413,62,183,82.5,144.5,16,1610,597
"227","KERALA","KOZHIKKODE",2013-03-21,5.1,385802,23403,23361,210,30.1,167,79,109.1,16,1604,591
"228","KERALA","MALAPPURAM",2013-03-21,5.1,367053,22570,22004,131,17.1,190,89.2,106.3,16,1605,592
"229","KERALA","PALAKKAD",2013-03-21,5.1,271601,19751,19693,348,37.3,162,80,117.3,16,1606,593
"230","KERALA","PATHANAMTHITTA",2013-03-21,5.1,146445,9460,9307,491,73.7,207,103.5,177.2,16,1612,599
"231","KERALA","THIRUVANANTHAPURAM",2013-03-21,5.1,367817,23617,23432,294,43.9,109,54.5,98.4,16,1614,601
"232","KERALA","THRISSUR",2013-03-21,5.1,326717,21035,20963,131,19.4,268,134.5,153.9,16,1607,594
"233","KERALA","WAYANAD",2013-03-21,5.1,118057,9428,9524,57,8.6,98,49,57.6,16,1603,590
"234","MADHYA PRADESH","ALIRAJPUR",2014-07-01,3.8,63500,5646,4404,4104,525.9,2657,1806.8,2332.7,17,1749,465
"235","MADHYA PRADESH","ANUPPUR",2012-05-10,5.9,76291,6458,5179,4869,632.2,2957,1977.6,2609.8,17,1746,461
"236","MADHYA PRADESH","ASHOK NAGAR",2017-11-01,0.4,9762,843,92,0,0,0,0,0,17,1748,459
"237","MADHYA PRADESH","BALAGHAT",2017-02-01,1.2,62765,5283,1617,1241,155.2,0,0,155.2,17,1738,457
"238","MADHYA PRADESH","BARWANI",2015-04-01,3,100513,8529,7996,6890,846.3,4737,3261.6,4107.9,17,1742,441
"239","MADHYA PRADESH","BETUL",2017-02-01,1.2,40188,3105,1424,792,99,0,0,99,17,1731,447
"240","MADHYA PRADESH","BHIND",2017-11-01,0.4,10066,897,132,94,11.2,0,0,11.2,17,1702,420
"241","MADHYA PRADESH","BHOPAL",2017-11-01,0.4,9908,842,314,191,23,129,103.2,126.2,17,1728,444
"242","MADHYA PRADESH","CHHATARPUR",2015-10-01,2.5,66355,5561,3665,798,93.5,298,166.1,259.6,17,1708,425
"243","MADHYA PRADESH","CHHINDWARA",2017-11-01,0.4,22843,2045,183,50,5.8,0,0,5.8,17,1736,455
"244","MADHYA PRADESH","DAMOH",2015-10-01,2.5,67649,5642,3762,1699,221.4,618,381.4,602.8,17,1711,428
"245","MADHYA PRADESH","DATIA",2017-02-01,1.2,12967,1062,404,335,41.5,83,61.2,102.7,17,1704,422
"246","MADHYA PRADESH","DEWAS",2015-10-01,2.5,22392,1981,702,302,36.1,81,40.5,76.6,17,1720,437
"247","MADHYA PRADESH","DHAR",2015-04-01,3,160461,14200,12591,9773,1380.2,6916,4964,6344.2,17,1722,438
"248","MADHYA PRADESH","DINDORI",2015-04-01,3,61149,5532,5137,4289,574.6,2242,1366.4,1941,17,1745,453
"249","MADHYA PRADESH","GUNA",2015-10-01,2.5,102138,8334,5658,3185,390.3,993,536,926.3,17,1706,458
"250","MADHYA PRADESH","GWALIOR",2017-09-01,0.6,7335,645,149,0,0,0,0,0,17,1703,421
"251","MADHYA PRADESH","HARDA",2017-02-01,1.2,14091,1287,607,259,29,18,8.7,37.7,17,1743,448
"252","MADHYA PRADESH","HOSHANGABAD",2017-02-01,1.2,30476,2710,1535,701,82.9,101,62.1,145,17,1732,449
"253","MADHYA PRADESH","JABALPUR",2017-11-01,0.4,15740,1436,430,171,22.2,0,0,22.2,17,1733,451
"254","MADHYA PRADESH","JHABUA",2012-05-05,5.9,103500,9371,8259,7048,920.9,4896,2752.2,3673.1,17,1721,464
"255","MADHYA PRADESH","KATNI",2017-11-01,0.4,14803,1302,172,58,6.5,0,0,6.5,17,1744,450
"256","MADHYA PRADESH","MANDLA",2015-04-01,3,113190,9325,7010,5861,796.4,2858,2156.6,2953,17,1735,454
"257","MADHYA PRADESH","MORENA",2017-11-01,0.4,13443,1209,108,1,0.2,0,0,0.2,17,1701,419
"258","MADHYA PRADESH","NARSINGHPUR",2015-10-01,2.5,65719,5325,3787,2064,238.3,761,394.5,632.8,17,1734,452
"259","MADHYA PRADESH","PANNA",2015-10-01,2.5,54723,4770,3656,816,90.1,240,159.8,249.9,17,1709,426
"260","MADHYA PRADESH","RAISEN",2015-10-01,2.5,74590,6314,3102,2347,267.8,567,310.2,578,17,1730,446
"261","MADHYA PRADESH","RAJGARH",2015-10-01,2.5,114690,9321,6307,2341,268.7,878,535.9,804.6,17,1726,442
"262","MADHYA PRADESH","REWA",2015-10-01,2.5,138056,10971,6603,1709,214.1,423,284.9,499,17,1713,430
"263","MADHYA PRADESH","SAGAR",2015-10-01,2.5,122271,9848,6380,3547,465.8,1593,866.2,1332,17,1710,427
"264","MADHYA PRADESH","SATNA",2017-11-01,0.4,14212,1275,200,107,12.5,0,0,12.5,17,1712,429
"265","MADHYA PRADESH","SEHORE",2015-10-01,2.5,24227,2109,771,299,34,61,44,78,17,1729,445
"266","MADHYA PRADESH","SEONI",2017-11-01,0.4,15017,841,349,266,34.4,0,0,34.4,17,1737,456
"267","MADHYA PRADESH","SHAHDOL",2012-05-04,5.9,124866,10637,9415,7335,955.7,5039,2376.9,3332.6,17,1714,460
"268","MADHYA PRADESH","SHAJAPUR",2015-10-01,2.5,21716,1783,891,573,66.3,166,84,150.3,17,1719,436
"269","MADHYA PRADESH","SHEOPUR",2012-05-08,5.9,56860,5007,3783,3036,452.7,2532,1574.8,2027.5,17,1739,418
"270","MADHYA PRADESH","SHIVPURI",2015-10-01,2.5,99180,8250,5210,3095,379,814,630.1,1009.1,17,1705,423
"271","MADHYA PRADESH","SIDHI",2015-10-01,2.5,64652,5295,2440,1564,234.5,583,402.4,636.9,17,1715,462
"272","MADHYA PRADESH","SINGROLI",2015-10-01,2.5,37845,2937,1192,693,104,352,216.7,320.7,17,1750,463
"273","MADHYA PRADESH","TIKAMGARH",2009-10-13,8.5,55803,3912,3915,404,52.8,252,195.3,248.1,17,1707,424
"274","MADHYA PRADESH","UMARIA",2015-10-01,2.5,14318,1152,516,366,45.8,110,44,89.8,17,1740,431
"275","MADHYA PRADESH","VIDISHA",2015-10-01,2.5,86106,6401,2321,1477,178.6,414,260.8,439.4,17,1727,443
"276","MAHARASHTRA","BEED",2016-02-01,2.2,77268,6657,3375,2745,411.1,637,380.9,792,18,1818,523
"277","MAHARASHTRA","CHANDRAPUR",2016-02-01,2.2,90306,8282,4557,2817,414.9,583,347.1,762,18,1829,509
"278","MAHARASHTRA","GADCHIROLI",2014-01-01,4.3,80246,7286,5340,4098,607.4,1826,942,1549.4,18,1830,508
"279","MAHARASHTRA","GONDIA",2014-01-01,4.3,143385,12152,6223,4215,582.2,1258,691.8,1274,18,1833,507
"280","MAHARASHTRA","JALNA",2014-01-01,4.3,120432,10329,6786,5965,893.2,1977,1184.3,2077.5,18,1816,514
"281","MAHARASHTRA","NANDURBAR",2014-01-01,4.3,87501,8461,5245,4412,654.1,1314,692.4,1346.5,18,1831,497
"282","MAHARASHTRA","NASHIK",2017-04-01,1,3317,321,23,0,0,0,0,0,18,1806,516
"283","MAHARASHTRA","OSMANABAD",2014-01-01,4.3,95039,8445,6025,5112,706.8,406,231,937.8,18,1820,525
"284","MAHARASHTRA","RATNAGIRI",2014-01-01,4.3,83175,7587,4300,4094,607.4,971,582.1,1189.5,18,1804,528
"285","MAHARASHTRA","SINDHUDURG",2016-02-01,2.2,63044,5461,2390,1728,257.3,61,36.5,293.8,18,1805,529
"286","MAHARASHTRA","SOLAPUR",2014-01-01,4.3,143813,11934,8765,6040,895.9,2431,1247.3,2143.2,18,1813,526
"287","MAHARASHTRA","THANE",2017-04-01,1,78826,6447,5015,1884,282.6,908,489.9,772.5,18,1802,517
"288","MAHARASHTRA","WARDHA",2016-02-01,2.2,109302,9488,6160,5746,851.1,2547,1381.5,2232.6,18,1826,504
"289","MAHARASHTRA","YAVATMAL",2014-01-01,4.3,164663,13609,7091,5291,790.9,1842,1100.3,1891.2,18,1825,510
"290","MANIPUR","CHANDEL",2016-01-16,2.2,3625,323,239,145,21.8,0,0,21.8,20,2004,280
"291","MANIPUR","IMPHAL EAST",2016-02-16,2.1,11304,922,528,368,55.2,6,6.6,61.8,20,2009,278
"292","MEGHALAYA","EAST GARO HILLS",2017-12-01,0.4,826,82,1,0,0,0,0,0,21,2104,294
"293","MEGHALAYA","EAST KHASI HILLS",2017-12-01,0.4,3277,305,148,60,8.9,4,4.1,13,21,2102,298
"294","MEGHALAYA","RI BHOI",2017-12-05,0.3,3936,369,186,80,12,19,13.9,25.9,21,2107,297
"295","MEGHALAYA","SOUTH GARO HILLS",2017-12-01,0.4,1202,125,0,0,0,0,0,0,21,2106,295
"296","MEGHALAYA","WEST GARO HILLS",2014-11-13,3.4,11048,1064,482,339,50.5,44,38.6,89.1,21,2105,293
"297","MEGHALAYA","WEST JAINTIA HILLS",2017-12-05,0.3,5170,466,270,98,14.7,38,41.8,56.5,21,2108,299
"298","MEGHALAYA","WEST KHASI HILLS",2017-12-01,0.4,5642,571,368,310,45.3,105,77.6,122.9,21,2103,296
"299","MIZORAM","CHAMPHAI",2016-09-15,1.6,6757,597,308,266,39.9,179,173,212.9,22,2206,284
"300","MIZORAM","KOLASIB",2013-08-01,4.7,5679,577,559,472,69.1,325,208.9,278,22,2205,282
"301","MIZORAM","LAWNGTLAI",2016-09-15,1.6,4771,474,163,131,19.4,56,61.6,81,22,2208,287
"302","MIZORAM","MAMIT",2016-09-14,1.6,6438,627,377,295,42,164,161.1,203.1,22,2204,281
"303","MIZORAM","SAIHA",2016-09-15,1.6,4165,418,219,158,23.7,90,98,121.7,22,2203,288
"304","MIZORAM","SERCHHIP",2013-08-01,4.7,5355,622,771,635,83,344,233.6,316.6,22,2207,285
"305","NAGALAND","DIMAPUR",2016-04-01,2,7684,766,527,491,73.7,0,0,73.7,23,2308,265
"306","NAGALAND","KIPHIRE",2016-04-01,2,3990,368,240,130,19.5,58,16.2,35.7,23,2309,269
"307","NAGALAND","KOHIMA",2016-04-01,2,4908,500,416,307,46,98,30.3,76.3,23,2301,270
"308","NAGALAND","LONGLENG",2016-04-01,2,3225,282,276,243,36.5,62,31,67.5,23,2310,268
"309","NAGALAND","MOKOKCHUNG",2016-04-01,2,3552,427,353,177,26.6,100,53.5,80.1,23,2305,262
"310","NAGALAND","MON",2016-04-01,2,5484,539,396,360,54,180,54,108,23,2307,261
"311","NAGALAND","PHEK",2016-04-01,2,4181,450,329,170,25.5,0,0,25.5,23,2302,266
"312","NAGALAND","WOKHA",2016-04-01,2,4519,486,293,195,29.2,0,0,29.2,23,2304,264
"313","NAGALAND","ZUNHEBOTO",2016-04-01,2,4170,451,330,181,27.1,20,8.3,35.4,23,2303,263
"314","ODISHA","ANGUL",2009-09-01,8.6,128484,11085,6221,3298,459.6,7785,3829.4,4289,24,2421,384
"315","ODISHA","BALESHWAR",2009-09-01,8.6,140463,12956,9815,5104,689.9,7655,4719.5,5409.4,24,2405,377
"316","ODISHA","BARGARH",2018-02-01,0.2,33456,2793,987,768,108.6,113,57.9,166.5,24,2414,370
"317","ODISHA","BHADRAK",2017-04-01,1,132802,10862,10352,8287,1198.4,8161,3725.6,4924,24,2417,378
"318","ODISHA","BOLANGIR",2015-01-01,3.3,58472,5413,1808,1004,130.9,620,309.5,440.4,24,2409,393
"319","ODISHA","BOUDH",2016-07-03,1.8,38683,3515,815,602,79.7,98,35.1,114.8,24,2426,391
"320","ODISHA","CUTTACK",2009-09-01,8.6,88249,7525,4111,3254,429.7,3487,1788,2217.7,24,2406,381
"321","ODISHA","DEOGARH",2013-11-01,4.4,58457,4599,3300,2634,380.7,2126,1073.9,1454.6,24,2416,373
"322","ODISHA","DHENKANAL",2016-07-03,1.8,41988,3813,1336,307,42.2,198,102,144.2,24,2407,383
"323","ODISHA","GAJAPATI",2013-11-01,4.4,69651,5031,2400,2034,272.9,1364,689.1,962,24,2424,389
"324","ODISHA","GANJAM",2015-01-01,3.3,126178,11634,7028,3881,523.7,3817,1988.3,2512,24,2412,388
"325","ODISHA","JAGATSINGHAPUR",2009-09-01,8.6,117314,9246,6943,5016,559,8000,4526,5085,24,2419,380
"326","ODISHA","JAJPUR",2009-09-01,8.6,116099,10033,8966,7739,1082,6766,3860.6,4942.6,24,2420,382
"327","ODISHA","JHARSUGUDA",2016-07-03,1.8,20974,2002,712,573,72.8,115,57.5,130.3,24,2415,371
"328","ODISHA","KALAHANDI",2015-01-01,3.3,53272,4483,1246,603,83.6,411,210.7,294.3,24,2410,395
"329","ODISHA","KANDHAMAL",2017-04-01,1,59463,5145,3272,2187,291.1,1970,1038.7,1329.8,24,2408,390
"330","ODISHA","KENDRAPARA",2009-09-01,8.6,97295,8318,7592,6063,781.7,6016,2965.8,3747.5,24,2418,379
"331","ODISHA","KENDUJHAR",2016-07-03,1.8,53004,4740,2261,1731,249.2,94,46.8,296,24,2403,375
"332","ODISHA","KHORDHA",2009-09-01,8.6,108140,9503,6780,5089,620.1,6352,2699.3,3319.4,24,2423,386
"333","ODISHA","KORAPUT",2016-04-01,2,74058,6837,3642,3125,431.8,1893,971.2,1403,24,2411,398
"334","ODISHA","MALKANGIRI",2018-02-01,0.2,36394,3360,2188,1383,191.3,845,450.1,641.4,24,2431,399
"335","ODISHA","MAYURBHANJ",2016-04-01,2,97199,9337,5725,3258,446.4,2980,1577.5,2023.9,24,2404,376
"336","ODISHA","NABARANGAPUR",2016-04-01,2,31921,2904,644,272,40.1,175,87.5,127.6,24,2430,397
"337","ODISHA","NAYAGARH",2009-09-01,8.6,95298,8320,7086,4965,703,7181,4181.3,4884.3,24,2422,385
"338","ODISHA","NUAPADA",2015-01-01,3.3,46891,3994,1093,581,75,215,120.6,195.6,24,2428,394
"339","ODISHA","PURI",2009-09-01,8.6,131821,10579,7276,5484,670.2,6210,2353,3023.2,24,2413,387
"340","ODISHA","RAYAGADA",2013-11-01,4.4,59200,4995,3522,2541,349.9,943,477.9,827.8,24,2429,396
"341","ODISHA","SAMBALPUR",2013-11-01,4.4,66370,5898,4453,2549,324.1,2757,1435.6,1759.7,24,2401,372
"342","ODISHA","SONEPUR",2015-01-01,3.3,32762,3167,1500,859,117.8,298,142.4,260.2,24,2427,392
"343","ODISHA","SUNDARGARH",2016-04-01,2,87851,8244,4464,3204,394.2,2446,1235.7,1629.9,24,2402,374
"344","PUNJAB","AMRITSAR",2016-08-18,1.6,929,79,28,15,1.5,0,0,1.5,26,2602,49
"345","PUNJAB","BARNALA",2016-08-01,1.7,921,86,17,9,0.9,0,0,0.9,26,2621,54
"346","PUNJAB","BATHINDA",2015-04-01,3,4019,354,229,181,20.4,0,0,20.4,26,2611,46
"347","PUNJAB","FARIDKOT",2016-08-18,1.6,466,46,2,0,0,0,0,0,26,2612,45
"348","PUNJAB","FATEHGARH SAHIB",2016-08-18,1.6,903,82,34,25,2.5,0,0,2.5,26,2618,40
"349","PUNJAB","FIROZEPUR",2016-08-18,1.6,8905,826,565,519,63.3,88,66,129.3,26,2603,43
"350","PUNJAB","GURDASPUR",2017-07-01,0.8,11521,966,773,568,69.1,168,99.4,168.5,26,2601,35
"351","PUNJAB","HOSHIARPUR",2017-01-04,1.3,0,0,0,0,0,0,0,0,26,2607,38
"352","PUNJAB","JALANDHAR",2017-01-04,1.3,0,0,0,0,0,0,0,0,26,2605,37
"353","PUNJAB","KAPURTHALA",2017-01-04,1.3,372,36,24,0,0,0,0,0,26,2606,36
"354","PUNJAB","LUDHIANA",2016-08-18,1.6,522,49,7,5,0.5,0,0,0.5,26,2604,41
"355","PUNJAB","MANSA",2016-08-18,1.6,208,18,0,0,0,0,0,0,26,2617,47
"356","PUNJAB","MOGA",2017-01-04,1.3,664,52,23,0,0,0,0,0,26,2615,42
"357","PUNJAB","MUKTSAR",2015-04-01,3,3853,422,220,172,20,46,19.8,39.8,26,2616,44
"358","PUNJAB","NAWANSHAHR",2017-01-04,1.3,238,23,11,0,0,0,0,0,26,2614,39
"359","PUNJAB","PATIALA",2011-08-22,6.6,15396,1345,1099,843,107,324,157.8,264.8,26,2609,48
"360","PUNJAB","RUPNAGAR",2017-01-04,1.3,308,26,12,0,0,0,0,0,26,2608,51
"361","PUNJAB","SANGRUR",2017-06-01,0.9,13116,1066,859,646,80.2,379,220.1,300.3,26,2610,53
"362","PUNJAB","SAS NAGAR",2016-08-18,1.6,379,36,10,0,0,0,0,0,26,2619,52
"363","PUNJAB","TARAN TARAN",2017-08-20,0.6,8897,774,496,411,51.9,171,119.3,171.2,26,2620,50
"364","RAJASTHAN","AJMER",2016-04-01,2,22740,2025,1910,1696,253.3,1215,1271.1,1524.4,27,2721,119
"365","RAJASTHAN","ALWAR",2014-01-01,4.3,27819,2302,1752,1642,245.4,1370,1507,1752.4,27,2706,104
"366","RAJASTHAN","BANSWARA",2018-01-01,0.3,75487,6316,5152,4336,649.4,2601,2855.6,3505,27,2728,125
"367","RAJASTHAN","BARAN",2016-02-01,2.2,52350,4494,3841,3698,554.5,2485,2733.5,3288,27,2731,128
"368","RAJASTHAN","BARMER",2018-01-01,0.3,23456,2153,1651,1458,218.5,893,769.1,987.6,27,2717,115
"369","RAJASTHAN","BHARATPUR",2015-06-01,2.9,10776,932,743,709,106.2,406,446.6,552.8,27,2707,105
"370","RAJASTHAN","BHILWARA",2016-02-01,2.2,63246,5225,4296,4024,603.1,2703,2973.3,3576.4,27,2724,122
"371","RAJASTHAN","BIKANER",2013-01-01,5.3,25457,2264,1791,1698,254.7,1000,1092.9,1347.6,27,2703,101
"372","RAJASTHAN","BUNDI",2016-02-01,2.2,42918,3541,2991,2936,439.4,2023,2225.3,2664.7,27,2723,121
"373","RAJASTHAN","CHITTORGARH",2017-09-01,0.6,33830,2762,2439,2410,360.3,1926,2049,2409.3,27,2729,126
"374","RAJASTHAN","CHURU",2015-06-01,2.9,37520,3406,2945,2807,421.1,2075,2277,2698.1,27,2704,102
"375","RAJASTHAN","DAUSA",2012-01-01,6.3,32137,2631,2458,2082,312.3,1520,1672,1984.3,27,2711,109
"376","RAJASTHAN","DHOLPUR",2017-04-01,1,47362,3996,3321,3172,438.3,1742,1874.9,2313.2,27,2708,106
"377","RAJASTHAN","DUNGARPUR",2016-02-01,2.2,94398,7381,6664,5875,878.4,4715,5179.5,6057.9,27,2727,124
"378","RAJASTHAN","HANUMANGARH",2018-01-01,0.3,1578,125,56,30,4.5,0,0,4.5,27,2702,100
"379","RAJASTHAN","JAIPUR",2015-10-01,2.5,2482,209,189,168,25.2,105,115.5,140.7,27,2712,110
"380","RAJASTHAN","JAISALMER",2010-04-01,8,8800,796,756,752,112.8,50,55,167.8,27,2716,114
"381","RAJASTHAN","JALORE",2010-04-01,8,10454,976,897,892,133.8,53,34.4,168.2,27,2718,116
"382","RAJASTHAN","JHALAWAR",2016-02-01,2.2,59659,5053,4012,3588,536.7,2290,2499.3,3036,27,2732,129
"383","RAJASTHAN","JHUNJHUNU",2015-06-01,2.9,4025,362,405,353,53,254,278.6,331.6,27,2705,103
"384","RAJASTHAN","JODHPUR",2010-04-01,8,22857,2151,1784,1660,248.2,772,839.5,1087.7,27,2715,113
"385","RAJASTHAN","KARAULI",2017-09-01,0.6,20339,1703,1531,1209,181.3,638,701.8,883.1,27,2709,107
"386","RAJASTHAN","KOTA",2016-02-01,2.2,51598,4401,4188,3796,548.8,2768,3045.4,3594.2,27,2730,127
"387","RAJASTHAN","NAGAUR",2015-10-01,2.5,4956,384,324,321,47.5,262,287,334.5,27,2714,112
"388","RAJASTHAN","PALI",2010-04-01,8,23108,1726,1875,1576,236.4,681,708.5,944.9,27,2720,118
"389","RAJASTHAN","PRATAPGARH",2014-01-01,4.3,36829,2970,2318,2215,332.1,1655,1818.9,2151,27,2733,131
"390","RAJASTHAN","RAJSAMAND",2016-02-01,2.2,39362,3599,2632,2107,316.1,1623,1778,2094.1,27,2725,123
"391","RAJASTHAN","SAWAI MADHOPUR",2015-10-01,2.5,15193,1325,1042,1007,150.9,528,580.8,731.7,27,2710,108
"392","RAJASTHAN","SIKAR",2015-10-01,2.5,6556,597,573,503,73,289,317.9,390.9,27,2713,111
"393","RAJASTHAN","SIROHI",2010-04-01,8,15853,1248,1094,1001,149.1,483,512.3,661.4,27,2719,117
"394","RAJASTHAN","TONK",2018-01-01,0.3,34340,3051,2866,2704,404.5,2078,2281.7,2686.2,27,2722,120
"395","RAJASTHAN","UDAIPUR",2018-01-01,0.3,95517,8396,6923,6130,907.1,4161,4520.3,5427.4,27,2726,130
"396","SIKKIM","EAST DISTRICT",2016-03-01,2.1,12455,1237,1095,803,120.5,616,307.1,427.6,28,2802,244
"397","SIKKIM","NORTH DISTRICT",2016-03-01,2.1,3278,318,288,221,33.1,191,81.8,114.9,28,2801,241
"398","TAMIL NADU","ARIYALUR",2010-06-01,7.9,100603,6661,3417,3342,309.9,134,67,376.9,29,2931,616
"399","TAMIL NADU","COIMBATORE",2008-02-01,10.2,66382,5649,2451,1790,222.7,568,278.9,501.6,29,2911,632
"400","TAMIL NADU","CUDDALORE",2008-02-01,10.2,232568,15791,7694,7408,1046,6711,6629.8,7675.8,29,2903,617
"401","TAMIL NADU","DHARMAPURI",2011-06-01,6.9,79535,7189,4118,2712,395.7,1452,252.1,647.8,29,2909,630
"402","TAMIL NADU","DINDIGUL",2013-04-01,5,88238,7459,2411,2097,221.7,279,139.5,361.2,29,2922,612
"403","TAMIL NADU","ERODE",2012-04-01,6,116240,8987,1533,1231,184.7,2490,1258.6,1443.3,29,2910,610
"404","TAMIL NADU","KANCHIPURAM",2008-02-01,10.2,219569,15169,5290,5143,762.4,4848,6034.5,6796.9,29,2901,604
"405","TAMIL NADU","KANNIYAKUMARI",2013-04-01,5,81720,5191,492,324,48,143,49.5,97.5,29,2928,629
"406","TAMIL NADU","KARUR",2013-04-01,5,74903,5113,3707,1611,220.2,1088,219.1,439.3,29,2917,613
"407","TAMIL NADU","KRISHNAGIRI",2013-04-01,5,89457,7638,4047,3095,312.6,771,1094.5,1407.1,29,2930,631
"408","TAMIL NADU","MADURAI",2013-04-01,5,103907,6928,2665,1670,180.3,1023,273.9,454.2,29,2920,623
"409","TAMIL NADU","NAGAPATTINAM",2008-02-01,10.2,160784,13395,4267,3523,278.4,685,365,643.4,29,2914,618
"410","TAMIL NADU","NAMAKKAL",2008-02-01,10.2,102713,7515,6287,5841,835.5,1682,345.4,1180.9,29,2908,609
"411","TAMIL NADU","PERAMBALUR",2011-06-01,6.9,45906,3389,2892,2825,157.4,2668,1596.8,1754.2,29,2918,615
"412","TAMIL NADU","PUDUKKOTTAI",2013-04-01,5,119753,9079,2308,1414,210.4,796,242,452.4,29,2919,621
"413","TAMIL NADU","RAMANATHAPURAM",2008-02-01,10.2,77816,5903,1709,1071,160.7,787,399.8,560.5,29,2923,626
"414","TAMIL NADU","SALEM",2008-02-01,10.2,351219,10078,5473,5049,530,3083,2298.9,2828.9,29,2907,608
"415","TAMIL NADU","SIVAGANGAI",2013-04-01,5,102085,8539,4369,3213,404.4,820,140,544.4,29,2925,622
"416","TAMIL NADU","THANJAVUR",2012-04-01,6,190557,14758,3331,2491,354.4,3532,2065.7,2420.1,29,2913,620
"417","TAMIL NADU","THE NILGIRIS",2012-04-01,6,34476,2103,814,614,85.2,666,306.6,391.8,29,2912,611
"418","TAMIL NADU","THENI",2008-02-01,10.2,70949,5191,2517,2499,353.4,2107,1984.5,2337.9,29,2921,624
"419","TAMIL NADU","THIRPPUR",2013-04-01,5,62875,5494,2456,1933,255.6,304,100,355.6,29,2932,633
"420","TAMIL NADU","THOOTHUKKUDI",2008-02-01,10.2,93459,7906,4460,4106,595.2,598,119.5,714.7,29,2927,627
"421","TAMIL NADU","TIRUCHIRAPPALLI",2012-04-01,6,137744,10736,2034,1699,215.8,2357,1349,1564.8,29,2916,614
"422","TAMIL NADU","TIRUNELVELI",2008-02-01,10.2,100575,7458,4216,1093,163.4,436,161,324.4,29,2926,628
"423","TAMIL NADU","TIRUVALLUR",2008-02-01,10.2,230510,14007,7080,6708,1004.5,5888,8485.5,9490,29,2902,602
"424","TAMIL NADU","TIRUVANNAMALAI",2008-02-01,10.2,254357,17423,10933,10259,1364.2,1507,796,2160.2,29,2906,606
"425","TAMIL NADU","TIRUVARUR",2008-02-01,10.2,132631,11575,5182,5130,761.2,2692,3460,4221.2,29,2915,619
"426","TAMIL NADU","VELLORE",2008-02-01,10.2,169565,13131,955,377,56.5,484,369,425.5,29,2905,605
"427","TAMIL NADU","VILLUPURAM",2008-02-01,10.2,292769,20595,4069,3262,489.1,1535,827,1316.1,29,2904,607
"428","TAMIL NADU","VIRUDHUNAGAR",2013-04-01,5,80722,5352,3057,741,111.2,607,193,304.2,29,2924,625
"429","TRIPURA","DHALAI",2017-01-01,1.3,12238,1369,1179,1076,117.2,363,297.9,415.1,30,3004,291
"430","TRIPURA","SOUTH TRIPURA",2017-01-01,1.3,13985,1446,1389,1256,149.9,487,481.6,631.5,30,3002,290
"431","UTTAR PRADESH","AGRA",2017-02-01,1.2,31295,2421,1988,1790,265.4,1240,1364,1629.4,31,3120,146
"432","UTTAR PRADESH","ALIGARH",2017-02-01,1.2,30666,2645,1733,1630,244.3,864,948,1192.3,31,3118,143
"433","UTTAR PRADESH","ALLAHABAD",2017-09-01,0.6,40420,3457,2619,2174,322.8,1637,1679.5,2002.3,31,3145,175
"434","UTTAR PRADESH","AMBEDKAR NAGAR",2017-02-01,1.2,14922,1162,976,945,141.3,695,751.1,892.4,31,3178,178
"435","UTTAR PRADESH","AURAIYA",2017-02-01,1.2,18812,1432,1240,1063,158.3,627,686.8,845.1,31,3169,162
"436","UTTAR PRADESH","AZAMGARH",2017-02-01,1.2,20984,1553,1194,1017,152.6,532,541,693.6,31,3157,191
"437","UTTAR PRADESH","BAGHPAT",2017-02-01,1.2,18360,1624,1100,1091,160.2,786,862.8,1023,31,3165,139
"438","UTTAR PRADESH","BAHRAICH",2017-02-01,1.2,25468,2100,1805,1556,231.6,1044,1148.4,1380,31,3146,180
"439","UTTAR PRADESH","BANDA",2017-02-01,1.2,31065,2872,1756,1494,221.9,744,450.4,672.3,31,3142,170
"440","UTTAR PRADESH","BARABANKI",2017-02-01,1.2,11020,994,569,449,67.3,154,169.4,236.7,31,3148,176
"441","UTTAR PRADESH","BASTI",2017-09-01,0.6,32122,2869,2209,1895,284.2,1329,1221.8,1506,31,3153,185
"442","UTTAR PRADESH","BIJNOR",2017-02-01,1.2,29154,2498,1398,1443,208.8,662,728.2,937,31,3109,134
"443","UTTAR PRADESH","BUDAUN",2017-09-01,0.6,36461,3349,2543,2032,302.2,1002,1036.6,1338.8,31,3124,149
"444","UTTAR PRADESH","CHANDAULI",2017-09-01,0.6,30393,2596,2239,1981,295.2,1605,1577.1,1872.3,31,3171,196
"445","UTTAR PRADESH","CHITRAKOOT",2017-09-01,0.6,7596,726,475,411,60.8,19,20.9,81.7,31,3177,171
"446","UTTAR PRADESH","DEORIA",2017-02-01,1.2,23186,2263,1345,1092,162.2,656,346.9,509.1,31,3155,190
"447","UTTAR PRADESH","ETAWAH",2017-02-01,1.2,22587,1903,1384,1203,180.2,710,767.9,948.1,31,3135,161
"448","UTTAR PRADESH","FATEHPUR",2017-09-01,0.6,53845,5030,4206,2774,407.4,2053,1282.7,1690.1,31,3143,172
"449","UTTAR PRADESH","GORAKHPUR",2017-09-01,0.6,44624,4396,2832,2470,358.1,855,551.7,909.8,31,3154,188
"450","UTTAR PRADESH","HAMIRPUR",2017-02-01,1.2,37714,2508,2226,1707,252.5,609,367.5,620,31,3141,168
"451","UTTAR PRADESH","HARDOI",2017-02-01,1.2,32865,2808,2310,1434,215.1,517,319.3,534.4,31,3130,155
"452","UTTAR PRADESH","JALAUN",NA,NA,33803,3316,2217,1807,267.1,814,664.8,931.9,31,3138,165
"453","UTTAR PRADESH","JHANSI",2017-09-01,0.6,5551,494,333,304,45.6,47,51.7,97.3,31,3139,166
"454","UTTAR PRADESH","KANNAUJ",2017-02-01,1.2,16479,1478,896,871,130.7,510,515.7,646.4,31,3168,160
"455","UTTAR PRADESH","KHERI",2017-02-01,1.2,27104,2468,2051,1930,285,1226,1345.2,1630.2,31,3128,153
"456","UTTAR PRADESH","LALITPUR",2017-09-01,0.6,4776,435,228,213,31.9,5,5.5,37.4,31,3140,167
"457","UTTAR PRADESH","LUCKNOW",2017-02-01,1.2,20352,1766,1089,1021,151.7,368,404.8,556.5,31,3132,157
"458","UTTAR PRADESH","MAHOBA",2017-09-01,0.6,6235,524,330,240,36,0,0,36,31,3179,169
"459","UTTAR PRADESH","MAINPURI",2017-02-01,1.2,19362,1748,1187,1089,162.5,510,560.2,722.7,31,3123,148
"460","UTTAR PRADESH","MIRZAPUR",2016-04-01,2,37094,3287,2021,1758,263.4,1066,1009,1272.4,31,3162,199
"461","UTTAR PRADESH","SONBHADRA",2017-02-01,1.2,26853,2099,1896,1777,266.6,992,1166,1432.6,31,3163,200
"462","UTTAR PRADESH","SULTANPUR",2017-09-01,0.6,74982,7177,5027,4200,623.1,2261,1413.4,2036.5,31,3150,179
"463","UTTAR PRADESH","UNNAO",2017-09-01,0.6,65651,3796,4297,2627,390.1,1626,1147.2,1537.3,31,3131,156
"464","UTTAR PRADESH","VARANASI",2017-02-01,1.2,18771,1647,1116,938,140.6,409,445.3,585.9,31,3161,197
"465","UTTARAKHAND","ALMORA",2017-05-31,0.9,760,129,127,111,11.2,29,29.8,41,35,3507,64
"466","UTTARAKHAND","CHAMOLI",2014-01-01,4.3,6286,926,662,665,66.7,343,343.9,410.6,35,3504,57
"467","UTTARAKHAND","CHAMPAWAT",2017-05-31,0.9,1586,177,111,72,7.2,0,0,7.2,35,3510,65
"468","UTTARAKHAND","DEHRADUN",2014-01-01,4.3,15888,1478,1168,1046,115.8,502,380.5,496.3,35,3502,60
"469","UTTARAKHAND","HARIDWAR",2016-12-01,1.4,9850,909,578,545,68.3,112,74.8,143.1,35,3503,68
"470","UTTARAKHAND","NAINITAL",2014-01-01,4.3,7992,1078,835,759,75.9,331,316.2,392.1,35,3508,66
"471","UTTARAKHAND","PAURI GARHWAL",2014-01-01,4.3,11913,1655,1184,1103,110.3,455,330.9,441.2,35,3505,61
"472","UTTARAKHAND","PITHORAGARH",2015-01-01,3.3,4261,652,475,471,47.1,136,91.1,138.2,35,3511,62
"473","UTTARAKHAND","RUDRA PRAYAG",2017-05-31,0.9,2263,333,279,247,24.9,0,0,24.9,35,3506,58
"474","UTTARAKHAND","TEHRI GARWAL",2017-05-31,0.9,1306,197,134,126,12.6,0,0,12.6,35,3513,59
"475","UTTARAKHAND","UDAM SINGH NAGAR",2014-01-01,4.3,22882,2205,1485,1418,141.8,504,256.2,398,35,3509,67
"476","UTTARAKHAND","UTTAR KASHI",2017-05-31,0.9,1008,145,139,87,8.7,0,0,8.7,35,3501,56
"477","WEST BENGAL","24 PARGANAS NORTH",2015-03-01,3.1,188031,17113,12487,9369,1130.3,3807,1084.7,2215,32,3215,337
"478","WEST BENGAL","24 PARGANAS SOUTH",2013-04-01,5,214417,19222,12085,10009,1304.5,5238,2416.5,3721,32,3216,343
"479","WEST BENGAL","BANKURA",2013-04-01,5,198010,17627,12137,6784,977.2,3572,1727.4,2704.6,32,3213,339
"480","WEST BENGAL","BIRBHUM",2013-04-01,5,258902,24752,13327,9114,1218.8,6017,2322.8,3541.6,32,3203,334
"481","WEST BENGAL","COOCHBEHAR",2013-04-01,5,197144,18312,17375,12296,1797.2,5767,2074.4,3871.6,32,3208,329
"482","WEST BENGAL","DARJEELING(GTA)",2015-03-01,3.1,7745,787,515,425,55.8,0,0,55.8,32,3219,327
"483","WEST BENGAL","DINAJPUR DAKSHIN",2015-03-01,3.1,88109,9223,1746,1109,166.3,638,316.8,483.1,32,3217,331
"484","WEST BENGAL","DINAJPUR UTTAR",2015-03-01,3.1,317361,23364,2490,856,127.9,3460,622.7,750.6,32,3218,330
"485","WEST BENGAL","HOOGHLY",2015-03-01,3.1,102957,9322,7735,5012,681,1261,598.7,1279.7,32,3206,338
"486","WEST BENGAL","HOWRAH",2015-03-01,3.1,118755,10941,5217,5124,711.6,1333,401.7,1113.3,32,3205,341
"487","WEST BENGAL","JALPAIGURI",2013-04-01,5,156290,13796,9150,6829,988.7,3432,1608.4,2597.1,32,3207,328
"488","WEST BENGAL","MALDAH",2013-04-01,5,297861,25538,22142,13977,1934,6660,3203,5137,32,3209,332
"489","WEST BENGAL","MURSHIDABAD",2015-03-01,3.1,221302,22058,9565,6830,766,2935,774.4,1540.4,32,3212,333
"490","WEST BENGAL","NADIA",2015-03-01,3.1,110635,10049,8715,6133,805.1,1745,528,1333.1,32,3201,336
"491","WEST BENGAL","PASCHIM MEDINIPUR",2015-03-01,3.1,160942,15152,7726,4174,547,833,279.3,826.3,32,3210,344
"492","WEST BENGAL","PURBA MEDINIPUR",2013-04-01,5,278580,26089,19909,17027,2535.9,4582,2205.1,4741,32,3211,345
"493","WEST BENGAL","PURULIA",2013-04-01,5,162982,14916,13179,6827,1017.9,2943,1373.1,2391,32,3214,340
