statename,districtname,state_secc_code,dist_secc_code,TotPop,TotHH,atleast1dep,atleast1inc,Target_HHs,per_tgt_tot_HH,censuscode
ANDHRA PRADESH,Anantapur,28,22,2927491,686743,299418,5170,304588,44.35,553
ANDHRA PRADESH,Chittoor,28,23,3212549,798870,264389,675,265064,33.18,554
ANDHRA PRADESH,Guntur,28,17,3224227,862356,513980,2977,516957,59.95,548
ANDHRA PRADESH,Krishna,28,16,3050229,852522,501720,1798,503518,59.06,547
ANDHRA PRADESH,Kurnool,28,21,2870526,637178,243735,2844,246579,38.70,552
ANDHRA PRADESH,Prakasam,28,18,2759464,701745,353841,1245,355086,50.60,549
ANDHRA PRADESH,Srikakulam,28,11,2230676,558929,268511,1162,269673,48.25,542
ANDHRA PRADESH,Vizianagaram,28,12,1921614,478978,256929,6471,263400,54.99,543
ARUNACHAL PRADESH,Anjaw,12,16,18801,4179,2858,18,2876,68.82,260
ARUNACHAL PRADESH,Changlang,12,9,122446,23292,6455,125,6580,28.25,253
ARUNACHAL PRADESH,East Kameng,12,3,60520,12256,7395,128,7523,61.38,247
ARUNACHAL PRADESH,East Siang,12,7,64927,12593,4381,55,4436,35.23,251
ARUNACHAL PRADESH,Kurung Kumey,12,12,94323,17068,8948,15,8963,52.51,256
ARUNACHAL PRADESH,Lohit,12,15,112822,22686,10030,41,10071,44.39,259
ARUNACHAL PRADESH,Lower Dibang Valley,12,14,37559,7905,2213,72,2285,28.91,258
ARUNACHAL PRADESH,Lower Subansiri,12,11,61250,11726,2816,31,2847,24.28,255
ARUNACHAL PRADESH,Papum Pare,12,4,70170,13493,1420,57,1477,10.95,248
ARUNACHAL PRADESH,Tawang,12,1,33431,8247,5668,47,5715,69.30,245
ARUNACHAL PRADESH,Tirap,12,10,92290,15931,4027,66,4093,25.69,254
ARUNACHAL PRADESH,Upper Siang,12,8,26623,5487,3255,92,3347,61.00,252
ARUNACHAL PRADESH,Upper Subansiri,12,5,81221,16628,5809,2340,8149,49.01,249
ARUNACHAL PRADESH,West Kameng,12,2,55017,12755,2578,170,2748,21.54,246
ARUNACHAL PRADESH,West Siang,12,6,86029,16355,4570,300,4870,29.78,250
ASSAM,Baksa,18,25,978995,196332,115562,628,116190,59.18,324
ASSAM,Barpeta,18,4,1626957,322866,194476,3602,198078,61.35,303
ASSAM,Bongaigaon,18,20,663803,137285,78551,1004,79555,57.95,319
ASSAM,Cachar,18,17,1556300,340309,156082,2268,158350,46.53,316
ASSAM,Chirang,18,21,452621,91718,53895,379,54274,59.17,320
ASSAM,Darrang,18,26,909054,186731,100518,2470,102988,55.15,325
ASSAM,Dhemaji,18,9,681291,130473,66595,212,66807,51.20,308
ASSAM,Dhubri,18,2,1842600,387940,271373,5121,276494,71.27,301
ASSAM,Dibrugarh,18,11,1166781,244630,93304,352,93656,38.28,310
ASSAM,Goalpara,18,3,964963,189692,122443,1780,124223,65.49,302
ASSAM,Golaghat,18,14,992972,210230,86672,569,87241,41.50,313
ASSAM,Hailakandi,18,19,628228,136073,62667,1063,63730,46.84,318
ASSAM,Jorhat,18,13,989520,183025,80254,486,80740,44.11,312
ASSAM,Kamrup,18,22,1504763,308249,137415,1392,138807,45.03,321
ASSAM,Karimganj,18,18,1173109,229937,107249,2214,109463,47.61,317
ASSAM,Kokrajhar,18,1,876748,176025,101310,647,101957,57.92,300
ASSAM,Lakhimpur,18,8,982909,188714,85623,628,86251,45.70,307
ASSAM,Morigaon,18,5,958634,183516,107826,1265,109091,59.44,304
ASSAM,Nagaon,18,6,2613848,503461,253197,3184,256381,50.92,305
ASSAM,Nalbari,18,24,764428,153630,68141,1354,69495,45.24,323
ASSAM,Sivasagar,18,12,1063934,226379,71004,552,71556,31.61,311
ASSAM,Sonitpur,18,7,1803346,357582,159061,1084,160145,44.79,306
ASSAM,Tinsukia,18,10,1146428,225888,86214,344,86558,38.32,309
ASSAM,Udalguri,18,27,807488,161729,90500,558,91058,56.30,326
BIHAR,Araria,10,7,2960510,595834,412196,1279,413475,69.39,209
BIHAR,Arwal,10,38,716021,116644,62949,179,63128,54.12,240
BIHAR,Banka,10,23,2027955,384455,232655,789,233444,60.72,225
BIHAR,Begusarai,10,20,2518273,491437,349949,793,350742,71.37,222
BIHAR,Bhagalpur,10,22,2601741,468355,286513,579,287092,61.30,224
BIHAR,Bhojpur,10,29,2737006,419641,215250,1460,216710,51.64,231
BIHAR,Buxar,10,30,1654596,238210,103640,244,103884,43.61,232
BIHAR,Darbhanga,10,13,3860158,817164,600454,3356,603810,73.89,215
BIHAR,Gaya,10,34,4132134,659015,370121,1083,371204,56.33,236
BIHAR,Gopalganj,10,15,2558985,389899,164731,548,165279,42.39,217
BIHAR,Jamui,10,36,1731150,292670,164863,512,165375,56.51,238
BIHAR,Jehanabad,10,37,1068836,164924,85049,233,85282,51.71,239
BIHAR,Katihar,10,10,2894274,582089,423806,1986,425792,73.15,212
BIHAR,Khagaria,10,21,1740907,347924,254782,518,255300,73.38,223
BIHAR,Kishanganj,10,8,1562012,308989,219600,1548,221148,71.57,210
BIHAR,Lakhisarai,10,25,903718,141284,77547,103,77650,54.96,227
BIHAR,Madhepura,10,11,1984874,402414,271333,469,271802,67.54,213
BIHAR,Madhubani,10,5,4541588,886810,526826,1424,528250,59.57,207
BIHAR,Munger,10,24,1007736,201233,137422,629,138051,68.60,226
BIHAR,Muzaffarpur,10,14,4424275,876341,537640,1483,539123,61.52,216
BIHAR,Nalanda,10,27,2784852,462838,239605,709,240314,51.92,229
BIHAR,Nawada,10,35,2410709,349738,191074,303,191377,54.72,237
BIHAR,Pashchim Champaran,10,1,3525431,681326,417271,1318,418589,61.44,203
BIHAR,Patna,10,28,4033998,690850,392577,4000,396577,57.40,230
BIHAR,Purnia,10,9,2960561,591936,414772,1279,416051,70.29,211
BIHAR,Rohtas,10,32,2665573,409854,206183,911,207094,50.53,234
BIHAR,Saharsa,10,12,1845349,351154,246131,471,246602,70.23,214
BIHAR,Samastipur,10,19,4422383,831029,556640,1313,557953,67.14,221
BIHAR,Saran,10,17,3644695,577746,271749,697,272446,47.16,219
BIHAR,Sheikhpura,10,26,598693,91847,50901,143,51044,55.58,228
BIHAR,Sheohar,10,3,629254,149211,101770,302,102072,68.41,205
BIHAR,Sitamarhi,10,4,3315933,725723,494537,1725,496262,68.38,206
BIHAR,Siwan,10,16,3448096,519048,217430,1034,218464,42.09,218
BIHAR,Supaul,10,6,2226904,455280,285483,829,286312,62.89,208
BIHAR,Vaishali,10,18,3507774,629950,418737,683,419420,66.58,220
CHHATTISGARH,Bastar,22,15,1201576,276389,214871,1059,215930,78.13,414
CHHATTISGARH,Bijapur,22,18,218546,49561,40631,1823,42454,85.66,417
CHHATTISGARH,Bilaspur,22,7,2035228,487718,364896,9905,374801,76.85,406
CHHATTISGARH,Durg,22,10,1983534,424416,239662,2623,242285,57.09,409
CHHATTISGARH,Mahasamund,22,12,971723,244641,177615,3472,181087,74.02,411
CHHATTISGARH,Narayanpur,22,16,112541,23114,15101,5048,20149,87.17,415
CHHATTISGARH,Raigarh,22,4,1237368,315091,229544,5944,235488,74.74,403
CHHATTISGARH,Raipur,22,11,2582390,584585,394700,10064,404764,69.24,410
CHHATTISGARH,Surguja,22,2,2080071,489557,352557,26505,379062,77.43,401
DAMAN AND DIU,DAMAN,25,2,104795,27451,5406,3432,8838,32.20,495
DAMAN AND DIU,DIU,25,1,22658,4344,907,87,994,22.88,494
GUJARAT,Ahmadabad,24,7,1307282,267896,117825,2109,119934,44.77,474
GUJARAT,Amreli,24,13,1073080,212437,71515,869,72384,34.07,480
GUJARAT,Anand,24,15,1391831,289935,121924,525,122449,42.23,482
GUJARAT,Banas Kantha,24,2,2686589,482360,225774,3078,228852,47.44,469
GUJARAT,Bharuch,24,21,1038599,228889,96342,337,96679,42.24,488
GUJARAT,Bhavnagar,24,14,1573139,302091,71104,619,71723,23.74,481
GUJARAT,Dohad,24,18,1913347,292221,202555,337,202892,69.43,485
GUJARAT,Gandhinagar,24,6,905825,187728,64759,533,65292,34.78,473
GUJARAT,Jamnagar,24,10,1027303,211460,50957,766,51723,24.46,477
GUJARAT,Junagadh,24,12,1707678,330673,103740,1353,105093,31.78,479
GUJARAT,Kachchh,24,1,1269047,270766,109425,1061,110486,40.80,468
GUJARAT,Kheda,24,16,1755332,360378,171130,995,172125,47.76,483
GUJARAT,Mahesana,24,4,1504281,313605,116731,1089,117820,37.57,471
GUJARAT,Narmada,24,20,541435,112382,83506,876,84382,75.08,487
GUJARAT,Navsari,24,23,959078,216236,100990,1156,102146,47.24,490
GUJARAT,Panch Mahals,24,17,2060439,379391,189812,730,190542,50.22,484
GUJARAT,Patan,24,3,1058791,211052,112536,1109,113645,53.85,470
GUJARAT,Porbandar,24,11,292753,62792,22002,463,22465,35.78,478
GUJARAT,Rajkot,24,9,1682607,340320,79611,1284,80895,23.77,476
GUJARAT,Sabar Kantha,24,5,2091063,412808,180803,1634,182437,44.19,472
GUJARAT,Surat,24,25,1234393,283634,122712,973,123685,43.61,492
GUJARAT,Surendranagar,24,8,1220431,244710,103209,2421,105630,43.17,475
GUJARAT,Tapi,24,26,743885,165389,96717,5011,101728,61.51,493
GUJARAT,Vadodara,24,19,2081762,447170,200543,470,201013,44.95,486
GUJARAT,Valsad,24,24,1179202,249281,117295,944,118239,47.43,491
HARYANA,Ambala,6,2,611092,114196,40226,173,40399,35.38,70
HARYANA,Bhiwani,6,13,1274332,244308,71487,341,71828,29.40,81
HARYANA,Faridabad,6,20,383782,66824,19088,187,19275,28.84,88
HARYANA,Fatehabad,6,10,728501,138546,51745,422,52167,37.65,78
HARYANA,Gurgaon,6,18,504865,95792,21330,137,21467,22.41,86
HARYANA,Hisar,6,12,1172222,224387,72697,362,73059,32.56,80
HARYANA,Jhajjar,6,15,657056,126621,28461,257,28718,22.68,83
HARYANA,Jind,6,9,965468,185184,67424,147,67571,36.49,77
HARYANA,Kaithal,6,5,814077,152125,63613,303,63916,42.02,73
HARYANA,Karnal,6,6,978660,183992,78386,563,78949,42.91,74
HARYANA,Kurukshetra,6,4,682842,129992,51401,315,51716,39.78,72
HARYANA,Mahendragarh,6,16,785457,144210,37972,284,38256,26.53,84
HARYANA,Mewat,6,19,949163,140478,63927,314,64241,45.73,87
HARYANA,Palwal,6,21,806976,130035,49512,418,49930,38.40,89
HARYANA,Panchkula,6,1,249042,47620,12575,80,12655,26.57,69
HARYANA,Panipat,6,7,624792,115331,38766,792,39558,34.30,75
HARYANA,Rewari,6,17,679785,133065,34883,147,35030,26.33,85
HARYANA,Rohtak,6,14,585261,109762,29189,126,29315,26.71,82
HARYANA,Sirsa,6,11,914353,175850,60247,467,60714,34.53,79
HARYANA,Sonipat,6,8,951606,178864,50220,449,50669,28.33,76
HARYANA,Yamunanagar,6,3,716289,132327,53980,235,54215,40.97,71
HIMACHAL PRADESH,Bilaspur,2,8,332006,70768,9973,49,10022,14.16,30
HIMACHAL PRADESH,Chamba,2,1,469553,92274,30211,76,30287,32.82,23
HIMACHAL PRADESH,Hamirpur,2,6,419738,96745,16218,438,16656,17.22,28
HIMACHAL PRADESH,Kangra,2,2,1375738,309461,55628,341,55969,18.09,24
HIMACHAL PRADESH,Kinnaur,2,12,76372,18287,6150,32,6182,33.81,34
HIMACHAL PRADESH,Kullu,2,4,384540,79798,23208,84,23292,29.19,26
HIMACHAL PRADESH,Mandi,2,5,920413,198952,42800,148,42948,21.59,27
HIMACHAL PRADESH,Shimla,2,11,567159,121586,24089,107,24196,19.90,33
HIMACHAL PRADESH,Sirmaur,2,10,453638,82214,21458,101,21559,26.22,32
HIMACHAL PRADESH,Solan,2,9,444062,90043,12816,283,13099,14.55,31
HIMACHAL PRADESH,Una,2,7,467505,97451,15074,226,15300,15.70,29
JAMMU AND KASHMIR,Anantnag,1,14,666691,123476,41275,2261,43536,35.26,14
JAMMU AND KASHMIR,Bandipore,1,9,306346,47848,17633,494,18127,37.88,9
JAMMU AND KASHMIR,Doda,1,16,380715,74110,33300,1543,34843,47.02,16
JAMMU AND KASHMIR,Ganderbal,1,11,250302,40450,13354,552,13906,34.38,11
JAMMU AND KASHMIR,Jammu,1,21,816469,170917,44050,397,44447,26.01,21
JAMMU AND KASHMIR,Kargil,1,4,110791,15923,5828,210,6038,37.92,4
JAMMU AND KASHMIR,Kathua,1,7,522802,99768,34244,1258,35502,35.58,7
JAMMU AND KASHMIR,Kishtwar,1,18,209262,42273,20913,295,21208,50.17,18
JAMMU AND KASHMIR,Kulgam,1,15,334495,61426,24329,621,24950,40.62,15
JAMMU AND KASHMIR,Kupwara,1,1,674054,107636,38054,740,38794,36.04,1
JAMMU AND KASHMIR,Pulwama,1,12,443291,79308,20322,1346,21668,27.32,12
JAMMU AND KASHMIR,Punch,1,5,425695,81685,42555,882,43437,53.18,5
JAMMU AND KASHMIR,Rajouri,1,6,605243,127822,65136,711,65847,51.51,6
JAMMU AND KASHMIR,Ramban,1,17,278459,55171,31256,112,31368,56.86,17
JAMMU AND KASHMIR,Reasi,1,20,280452,52339,28134,86,28220,53.92,20
JAMMU AND KASHMIR,Samba,1,22,270503,55578,9687,239,9926,17.86,22
JAMMU AND KASHMIR,Srinagar,1,10,27423,4304,519,52,571,13.27,10
JAMMU AND KASHMIR,Udhampur,1,19,460712,79845,34335,85,34420,43.11,19
JHARKHAND,Bokaro,20,10,1482500,276821,126298,991,127289,45.98,355
JHARKHAND,Chatra,20,2,1008273,175409,99650,1238,100888,57.52,347
JHARKHAND,Deoghar,20,5,1266562,216632,111856,1552,113408,52.35,350
JHARKHAND,Dhanbad,20,9,1422259,260908,112566,1930,114496,43.88,354
JHARKHAND,Dumka,20,17,1281700,262618,171964,6409,178373,67.92,362
JHARKHAND,Garhwa,20,1,1169614,229414,128816,4889,133705,58.28,346
JHARKHAND,Giridih,20,4,2428364,383640,173265,1186,174451,45.47,349
JHARKHAND,Godda,20,6,1302084,243676,143483,3457,146940,60.30,351
JHARKHAND,Gumla,20,21,996273,172479,89651,807,90458,52.45,366
JHARKHAND,Hazaribagh,20,15,1663488,278302,112170,1010,113180,40.67,360
JHARKHAND,Jamtara,20,18,731070,139849,84881,1005,85886,61.41,363
JHARKHAND,Khunti,20,20,469505,95140,70804,172,70976,74.60,365
JHARKHAND,Latehar,20,14,728402,128904,89846,3018,92864,72.04,359
JHARKHAND,Lohardaga,20,11,439362,79897,49777,653,50430,63.12,356
JHARKHAND,Pakur,20,8,874527,173746,131785,5459,137244,78.99,353
JHARKHAND,Palamu,20,13,1824645,325420,184738,3184,187922,57.75,358
JHARKHAND,Ramgarh,20,16,827788,155863,60482,445,60927,39.09,361
JHARKHAND,Ranchi,20,19,1815499,346242,149360,5543,154903,44.74,364
JHARKHAND,Simdega,20,22,548744,108003,74462,600,75062,69.50,367
KARNATAKA,Bangalore Rural,29,29,698513,158426,38750,186,38936,24.58,583
KARNATAKA,Belgaum,29,1,3617463,735630,263052,1132,264184,35.91,555
KARNATAKA,Bellary,29,11,1491709,290257,114912,245,115157,39.67,565
KARNATAKA,Bidar,29,4,1297140,240566,76836,1453,78289,32.54,558
KARNATAKA,Bijapur,29,3,1577546,292629,91837,1980,93817,32.06,557
KARNATAKA,Chikkaballapura,29,28,982208,218901,99045,1727,100772,46.04,582
KARNATAKA,CHIKMAGALUR,29,16,879498,206997,46229,195,46424,22.43,570
KARNATAKA,Chitradurga,29,12,1344863,282921,120238,407,120645,42.64,566
KARNATAKA,Dakshina Kannada,29,21,1376139,276202,58857,663,59520,21.55,575
KARNATAKA,Davanagere,29,13,1340078,278261,88740,328,89068,32.01,567
KARNATAKA,Gadag,29,7,673929,134976,64044,288,64332,47.66,561
KARNATAKA,Hassan,29,20,1429639,348175,90212,338,90550,26.01,574
KARNATAKA,Haveri,29,10,1250738,257562,114012,243,114255,44.36,564
KARNATAKA,Kodagu,29,22,456475,114715,31487,2235,33722,29.40,576
KARNATAKA,Kolar,29,27,1075920,226042,86373,496,86869,38.43,581
KARNATAKA,Koppal,29,6,1203817,222255,83852,217,84069,37.83,560
KARNATAKA,Mandya,29,19,1500341,351462,118671,481,119152,33.90,573
KARNATAKA,Mysore,29,23,1823931,416354,172211,3691,175902,42.25,577
KARNATAKA,Raichur,29,5,1342752,267156,113460,1586,115046,43.06,559
KARNATAKA,Ramanagara,29,30,799866,195562,61398,918,62316,31.87,584
KARNATAKA,Shimoga,29,14,1141106,257688,83153,209,83362,32.35,568
KARNATAKA,Tumkur,29,17,2104985,488277,169967,2542,172509,35.33,571
KARNATAKA,Udupi,29,15,1040189,200232,45350,1283,46633,23.29,569
KARNATAKA,Uttara Kannada,29,9,1092469,240456,63590,192,63782,26.53,563
KARNATAKA,Yadgir,29,26,910097,158580,74305,994,75299,47.48,580
KERALA,Alappuzha,32,11,1830813,454793,99864,565,100429,22.08,598
KERALA,Ernakulam,32,8,2142966,529673,85457,778,86235,16.28,595
KERALA,Idukki,32,9,1035037,258610,63039,201,63240,24.45,596
KERALA,Kannur,32,2,2205405,475109,72518,586,73104,15.39,589
KERALA,Kollam,32,13,2117451,542337,113996,575,114571,21.13,600
KERALA,Kottayam,32,10,1711733,418899,71018,400,71418,17.05,597
KERALA,Malappuram,32,5,3738678,707117,194779,2394,197173,27.88,592
KERALA,Palakkad,32,6,2558064,563475,192865,1391,194256,34.47,593
KERALA,Pathanamthitta,32,12,1066345,283661,58340,270,58610,20.66,599
KERALA,Thiruvananthapuram,32,14,2115813,542259,159350,1305,160655,29.63,601
KERALA,Thrissur,32,7,2451703,591510,137372,926,138298,23.38,594
KERALA,Wayanad,32,3,778980,180860,51674,3285,54959,30.39,590
MADHYA PRADESH,Alirajpur,23,48,765557,126529,103521,1335,104856,82.87,465
MADHYA PRADESH,Anuppur,23,44,612029,143959,85043,12220,97263,67.56,461
MADHYA PRADESH,Balaghat,23,40,1522083,357325,236238,7638,243876,68.25,457
MADHYA PRADESH,Barwani,23,24,1146812,201818,152505,1398,153903,76.26,441
MADHYA PRADESH,Betul,23,30,1300417,268522,144917,23702,168619,62.80,447
MADHYA PRADESH,Bhind,23,3,996522,196355,58504,423,58927,30.01,420
MADHYA PRADESH,Bhopal,23,27,413057,87106,47019,1974,48993,56.25,444
MADHYA PRADESH,Burhanpur,23,50,492890,96835,58069,10828,68897,71.15,467
MADHYA PRADESH,Chhatarpur,23,8,1336551,283889,166310,5760,172070,60.61,425
MADHYA PRADESH,Chhindwara,23,38,1622158,341102,192001,21352,213353,62.55,455
MADHYA PRADESH,Damoh,23,11,1034042,254708,180207,4625,184832,72.57,428
MADHYA PRADESH,Datia,23,5,602476,128413,54639,1505,56144,43.72,422
MADHYA PRADESH,Dewas,23,20,1068520,212497,111280,3468,114748,54.00,437
MADHYA PRADESH,Dhar,23,21,1629081,333540,214177,14667,228844,68.61,438
MADHYA PRADESH,Dindori,23,36,666048,161848,115089,14676,129765,80.18,453
MADHYA PRADESH,Guna,23,41,912784,190722,109681,8932,118613,62.19,458
MADHYA PRADESH,Gwalior,23,4,741087,150590,73513,3233,76746,50.96,421
MADHYA PRADESH,Harda,23,31,416236,86479,45198,1206,46404,53.66,448
MADHYA PRADESH,Hoshangabad,23,32,819444,179998,99057,3383,102440,56.91,449
MADHYA PRADESH,Indore,23,22,934363,181140,78356,774,79130,43.68,439
MADHYA PRADESH,Jabalpur,23,34,1093392,257348,166400,6002,172402,66.99,451
MADHYA PRADESH,Jhabua,23,47,999064,186957,138080,13760,151840,81.22,464
MADHYA PRADESH,Katni,23,33,1033463,235767,159232,9016,168248,71.36,450
MADHYA PRADESH,Mandla,23,37,902538,224141,157266,19531,176797,78.88,454
MADHYA PRADESH,Mandsaur,23,16,1063509,232520,122266,1589,123855,53.27,433
MADHYA PRADESH,Morena,23,2,1458985,286442,125091,1778,126869,44.29,419
MADHYA PRADESH,Neemuch,23,15,567028,127034,65083,445,65528,51.58,432
MADHYA PRADESH,Panna,23,9,866420,207410,145433,3126,148559,71.63,426
MADHYA PRADESH,Raisen,23,29,1006266,213732,126202,11167,137369,64.27,446
MADHYA PRADESH,Rajgarh,23,25,1186419,315904,220367,6132,226499,71.70,442
MADHYA PRADESH,Ratlam,23,17,1035089,219860,135876,5422,141298,64.27,434
MADHYA PRADESH,Rewa,23,13,1926589,451926,249950,9620,259570,57.44,430
MADHYA PRADESH,Sagar,23,10,1711280,400201,261548,7930,269478,67.34,427
MADHYA PRADESH,Satna,23,12,1736518,395489,248910,4024,252934,63.95,429
MADHYA PRADESH,Sehore,23,28,1045995,218742,119702,4460,124162,56.76,445
MADHYA PRADESH,Seoni,23,39,1213201,292969,196434,7654,204088,69.66,456
MADHYA PRADESH,Shahdol,23,43,875709,214706,138270,25059,163329,76.07,460
MADHYA PRADESH,Shajapur,23,19,1170866,238203,123467,2497,125964,52.88,436
MADHYA PRADESH,Sheopur,23,1,573389,128523,77028,12400,89428,69.58,418
MADHYA PRADESH,Shivpuri,23,6,1244166,281595,136321,18660,154981,55.04,423
MADHYA PRADESH,Sidhi,23,45,1047217,228964,139662,11013,150675,65.81,462
MADHYA PRADESH,Tikamgarh,23,7,1134483,261692,153907,4910,158817,60.69,424
MADHYA PRADESH,Ujjain,23,18,1120193,239575,126092,3157,129249,53.95,435
MADHYA PRADESH,Umaria,23,14,501500,119054,69823,15176,84999,71.40,431
MADHYA PRADESH,Vidisha,23,26,1025428,239132,147093,6604,153697,64.27,443
MAHARASHTRA,Akola,27,5,1208685,281629,159195,3669,162864,57.83,501
MAHARASHTRA,Amravati,27,7,1894550,450098,280817,4741,285558,63.44,503
MAHARASHTRA,Aurangabad,27,19,2220599,449363,165432,2543,167975,37.38,515
MAHARASHTRA,Bhandara,27,10,1031342,243526,122978,3459,126437,51.92,506
MAHARASHTRA,Chandrapur,27,13,1571187,397430,213169,13600,226769,57.06,509
MAHARASHTRA,Dhule,27,2,1544808,306860,170316,3692,174008,56.71,498
MAHARASHTRA,Gadchiroli,27,12,952976,231066,139153,9293,148446,64.24,508
MAHARASHTRA,Hingoli,27,16,991151,202854,103215,1691,104906,51.72,512
MAHARASHTRA,Jalgaon,27,3,2906225,643191,372155,9704,381859,59.37,499
MAHARASHTRA,Jalna,27,18,1547352,314270,118585,17786,136371,43.39,514
MAHARASHTRA,Kolhapur,27,34,2766612,590837,157334,1776,159110,26.93,530
MAHARASHTRA,Latur,27,28,1823941,360602,156142,1740,157882,43.78,524
MAHARASHTRA,Nagpur,27,9,1824347,414168,171301,9774,181075,43.72,505
MAHARASHTRA,Nanded,27,15,2379996,488582,249534,5231,254765,52.14,511
MAHARASHTRA,Nandurbar,27,1,1429154,292828,230636,3751,234387,80.04,497
MAHARASHTRA,Nashik,27,20,3643236,702961,351464,5108,356572,50.72,516
MAHARASHTRA,Osmanabad,27,29,1369210,294600,124427,1277,125704,42.67,525
MAHARASHTRA,Parbhani,27,17,1287927,261070,121028,1061,122089,46.76,513
MAHARASHTRA,Pune,27,25,3606157,751874,188363,4531,192894,25.66,521
MAHARASHTRA,Ratnagiri,27,32,1419489,343088,111963,1555,113518,33.09,528
MAHARASHTRA,Sangli,27,35,2073231,433206,133741,771,134512,31.05,531
MAHARASHTRA,Satara,27,31,2536536,539808,145676,2279,147955,27.41,527
MAHARASHTRA,Sindhudurg,27,33,760734,186826,49957,668,50625,27.10,529
MAHARASHTRA,Solapur,27,30,2910881,597623,245690,7459,253149,42.36,526
MAHARASHTRA,Thane,27,21,2927224,626009,272342,21831,294173,46.99,517
MAHARASHTRA,Wardha,27,8,933287,226126,101660,2918,104578,46.25,504
MAHARASHTRA,Washim,27,6,991185,223258,120839,1044,121883,54.59,502
MAHARASHTRA,Yavatmal,27,14,2375459,584064,310783,38760,349543,59.85,510
MANIPUR,Bishnupur,14,4,154011,29107,7602,18,7620,26.18,275
MANIPUR,Chandel,14,9,137161,27747,18955,16,18971,68.37,280
MANIPUR,Churachandpur,14,3,300686,53252,38167,25,38192,71.72,274
MANIPUR,Senapati,14,1,538899,93129,62468,4687,67155,72.11,272
MANIPUR,Tamenglong,14,2,148612,25878,19859,1,19860,76.74,273
MANIPUR,Thoubal,14,5,280285,56089,22585,87,22672,40.42,276
MANIPUR,Ukhrul,14,8,201066,39237,30227,32,30259,77.12,279
MEGHALAYA,East Garo Hills,17,2,277135,52635,43057,320,43377,82.41,294
MEGHALAYA,East Khasi Hills,17,6,659939,128947,75459,134,75593,58.62,298
MEGHALAYA,South Garo Hills,17,3,127580,22236,17320,27,17347,78.01,295
MEGHALAYA,West Garo Hills,17,1,561780,111580,78757,581,79338,71.10,293
MEGHALAYA,West Khasi Hills,17,4,342377,59268,46298,111,46409,78.30,296
MIZORAM,Aizawl,15,3,85615,17557,8477,53,8530,48.58,283
MIZORAM,Champhai,15,4,71450,15250,8194,18,8212,53.85,284
MIZORAM,Kolasib,15,2,35641,7353,3931,15,3946,53.67,282
MIZORAM,Lawngtlai,15,7,110139,23173,15934,355,16289,70.29,287
MIZORAM,Lunglei,15,6,93575,19733,12900,32,12932,65.53,286
MIZORAM,Mamit,15,1,69370,15169,9252,33,9285,61.21,281
MIZORAM,Saiha,15,8,31758,7032,4716,5,4721,67.14,288
MIZORAM,Serchhip,15,5,30918,6359,3095,1,3096,48.69,285
NAGALAND,Kiphire,13,9,64891,12983,10689,19,10708,82.48,269
NAGALAND,Kohima,13,10,150290,29305,15493,28,15521,52.96,270
NAGALAND,Longleng,13,8,44471,10934,6524,18,6542,59.83,268
NAGALAND,Mokokchung,13,2,144160,30620,17863,129,17992,58.76,262
NAGALAND,Mon,13,1,227046,35445,27789,100,27889,78.68,261
NAGALAND,Phek,13,6,135625,30807,22479,199,22678,73.61,266
NAGALAND,Tuensang,13,7,162750,29744,23862,69,23931,80.46,267
NAGALAND,Wokha,13,4,127518,24530,16983,102,17085,69.65,264
NAGALAND,Zunheboto,13,3,122339,23617,14457,173,14630,61.95,263
ODISHA,Baleshwar,21,8,2152221,501571,312071,3541,315612,62.92,377
ODISHA,Bargarh,21,1,1360971,363860,255470,3443,258913,71.16,370
ODISHA,Bhadrak,21,9,1390825,298494,174524,3572,178096,59.66,378
ODISHA,Cuttack,21,12,1958333,450314,262132,3955,266087,59.09,381
ODISHA,Dhenkanal,21,14,1103471,272795,185460,3451,188911,69.25,383
ODISHA,Gajapati,21,20,551644,125989,61313,28558,89871,71.33,389
ODISHA,Ganjam,21,19,2899341,652975,343292,4743,348035,53.30,388
ODISHA,Jagatsinghapur,21,11,1102957,249423,115140,1902,117042,46.93,380
ODISHA,Jharsuguda,21,2,358289,87340,57624,409,58033,66.44,371
ODISHA,Kalahandi,21,26,1445616,383228,304471,3606,308077,80.39,395
ODISHA,Kandhamal,21,21,695403,163937,135281,2098,137379,83.80,390
ODISHA,Kendrapara,21,10,1456397,324648,181024,5125,186149,57.34,379
ODISHA,Kendujhar,21,6,1603065,371247,254380,7402,261782,70.51,375
ODISHA,Khordha,21,17,1318794,289703,158860,2387,161247,55.66,386
ODISHA,Koraput,21,29,1127825,287844,231084,1225,232309,80.71,398
ODISHA,Malkangiri,21,30,558520,134211,111294,3376,114670,85.44,399
ODISHA,Mayurbhanj,21,7,2396711,571185,450061,3164,453225,79.35,376
ODISHA,Nabarangapur,21,28,1126429,262396,216996,554,217550,82.91,397
ODISHA,Nayagarh,21,16,954794,231192,141356,3374,144730,62.60,385
ODISHA,Nuapada,21,25,622890,159117,123573,1342,124915,78.51,394
ODISHA,Puri,21,18,1460650,325826,166328,2559,168887,51.83,387
ODISHA,Rayagada,21,27,837260,207646,142017,13504,155521,74.90,396
ODISHA,Sambalpur,21,3,733848,186899,134220,1140,135360,72.42,372
ODISHA,Sundargarh,21,5,1470311,348141,263906,1598,265504,76.26,374
PUNJAB,Amritsar,3,15,1075141,206172,42644,1103,43747,21.22,49
PUNJAB,Barnala,3,20,393760,74374,17822,53,17875,24.03,54
PUNJAB,Bathinda,3,12,831232,159138,43641,132,43773,27.51,46
PUNJAB,Faridkot,3,11,383995,74717,20310,41,20351,27.24,45
PUNJAB,Fatehgarh Sahib,3,6,402903,76287,16523,106,16629,21.80,40
PUNJAB,Gurdaspur,3,1,1568061,297035,59718,890,60608,20.40,35
PUNJAB,Hoshiarpur,3,4,1242153,263563,46638,495,47133,17.88,38
PUNJAB,Jalandhar,3,3,1038478,214994,27515,260,27775,12.92,37
PUNJAB,Kapurthala,3,2,517820,104862,12690,114,12804,12.21,36
PUNJAB,Ludhiana,3,7,1356692,269447,57518,345,57863,21.47,41
PUNJAB,Mansa,3,13,592094,114443,44754,375,45129,39.43,47
PUNJAB,Moga,3,8,756954,143743,41087,456,41543,28.90,42
PUNJAB,Muktsar,3,10,651828,123773,46322,263,46585,37.64,44
PUNJAB,Patiala,3,14,1138091,213729,52020,471,52491,24.56,48
PUNJAB,Rupnagar,3,17,478090,94482,15420,207,15627,16.54,51
PUNJAB,Sangrur,3,19,1128242,214234,57993,336,58329,27.23,53
RAJASTHAN,Ajmer,8,21,1655173,315014,141185,1179,142364,45.19,119
RAJASTHAN,Alwar,8,6,3125146,529224,206665,3227,209892,39.66,104
RAJASTHAN,Banswara,8,27,1677001,357369,296504,1565,298069,83.41,125
RAJASTHAN,Baran,8,30,1053144,212554,107840,13651,121491,57.16,128
RAJASTHAN,Barmer,8,17,2508937,481147,279540,5204,284744,59.18,115
RAJASTHAN,Bharatpur,8,7,2125365,343978,146139,1574,147713,42.94,105
RAJASTHAN,Bhilwara,8,24,2009066,419347,225333,2614,227947,54.36,122
RAJASTHAN,Bikaner,8,3,1623586,261329,121828,1217,123045,47.08,101
RAJASTHAN,Bundi,8,23,943431,197992,121199,1111,122310,61.78,121
RAJASTHAN,Churu,8,4,1540107,276699,113956,882,114838,41.50,102
RAJASTHAN,Dausa,8,11,1514606,273196,136262,1470,137732,50.42,109
RAJASTHAN,Dungarpur,8,26,1359834,298430,236757,3167,239924,80.40,124
RAJASTHAN,Hanumangarh,8,2,1444672,275589,118179,1174,119353,43.31,100
RAJASTHAN,Jaipur,8,12,3271905,530477,194160,2795,196955,37.13,110
RAJASTHAN,Jaisalmer,8,16,586368,110525,64572,949,65521,59.28,114
RAJASTHAN,Jhalawar,8,31,1250068,260405,154336,2086,156422,60.07,129
RAJASTHAN,Jodhpur,8,15,2564929,460672,192761,3603,196364,42.63,113
RAJASTHAN,Karauli,8,9,1297513,250656,149241,2063,151304,60.36,107
RAJASTHAN,Kota,8,29,869702,170991,93040,1067,94107,55.04,127
RAJASTHAN,Nagaur,8,14,2944649,523798,206826,2721,209547,40.01,112
RAJASTHAN,Pali,8,20,1764560,352690,172472,2306,174778,49.56,118
RAJASTHAN,Pratapgarh,8,33,828838,178064,131503,640,132143,74.21,131
RAJASTHAN,Rajsamand,8,25,1077184,220162,109827,911,110738,50.30,123
RAJASTHAN,Sawai Madhopur,8,10,1113146,221430,124288,1962,126250,57.02,108
RAJASTHAN,Sikar,8,13,2234179,369270,98082,1610,99692,27.00,111
RAJASTHAN,Sirohi,8,19,911132,170212,97774,979,98753,58.02,117
RAJASTHAN,Tonk,8,22,1174790,233901,120562,1751,122313,52.29,120
RAJASTHAN,Udaipur,8,32,2592770,546877,380469,1917,382386,69.92,130
SIKKIM,East District,11,4,142560,31477,10070,94,10164,32.29,244
SIKKIM,South District,11,3,111983,24429,8505,26,8531,34.92,243
SIKKIM,West District,11,2,127060,26267,11339,100,11439,43.55,242
TAMIL NADU,Ariyalur,33,15,685431,175439,95287,2069,97356,55.49,616
TAMIL NADU,Coimbatore,33,31,935242,268951,101927,597,102524,38.12,632
TAMIL NADU,Cuddalore,33,16,1789884,436344,231106,989,232095,53.19,617
TAMIL NADU,Dharmapuri,33,29,1314931,323955,134445,2127,136572,42.16,630
TAMIL NADU,Dindigul,33,11,1420560,368203,165608,181,165789,45.03,612
TAMIL NADU,Erode,33,9,1085336,322172,126585,150,126735,39.34,610
TAMIL NADU,Kanniyakumari,33,28,649355,166505,63025,231,63256,37.99,629
TAMIL NADU,Karur,33,12,667374,176084,74627,204,74831,42.50,613
TAMIL NADU,Krishnagiri,33,30,1479598,343293,140721,952,141673,41.27,631
TAMIL NADU,Madurai,33,22,1264203,329414,153570,78,153648,46.64,623
TAMIL NADU,Nagapattinam,33,17,1235375,318840,183069,264,183333,57.50,618
TAMIL NADU,Namakkal,33,8,1000223,285291,101680,246,101926,35.73,609
TAMIL NADU,Perambalur,33,14,458888,122676,62131,88,62219,50.72,615
TAMIL NADU,Pudukkottai,33,20,1349836,313859,142924,85,143009,45.56,621
TAMIL NADU,Ramanathapuram,33,25,980804,238720,125900,113,126013,52.79,626
TAMIL NADU,Salem,33,7,1916373,501419,200375,155,200530,39.99,608
TAMIL NADU,Thanjavur,33,19,1619860,407041,209539,59,209598,51.49,620
TAMIL NADU,The Nilgiris,33,10,306278,84323,35861,5205,41066,48.70,611
TAMIL NADU,Theni,33,23,549787,151886,86620,41,86661,57.06,624
TAMIL NADU,Thoothukkudi,33,26,968336,257307,133585,132,133717,51.97,627
TAMIL NADU,Tiruchirappalli,33,13,1447644,368071,166770,727,167497,45.51,614
TAMIL NADU,Tirunelveli,33,27,1601210,422627,209493,384,209877,49.66,628
TAMIL NADU,Tiruvannamalai,33,5,2060295,488091,231762,5127,236889,48.53,606
TAMIL NADU,Vellore,33,4,2488406,587123,275218,4025,279243,47.56,605
TAMIL NADU,Virudhunagar,33,24,1225450,340545,185185,304,185489,54.47,625
TELANGANA,Adilabad,36,1,1956305,475708,192702,3110,195812,41.16,532
TELANGANA,Karimnagar,36,3,2870716,751791,362351,1939,364290,48.46,534
TELANGANA,Khammam,36,10,2025179,550030,332400,1224,333624,60.66,541
TELANGANA,Mahbubnagar,36,7,3376309,735280,204857,1556,206413,28.07,538
TELANGANA,Medak,36,4,2849662,620236,105064,558,105622,17.03,535
TELANGANA,Nalgonda,36,8,3067537,760630,301701,1953,303654,39.92,539
TELANGANA,Nizamabad,36,2,2263312,531257,90884,720,91604,17.24,533
TELANGANA,Warangal,36,9,2760569,715975,398811,1513,400324,55.91,540
TRIPURA,Dhalai,16,3,343945,78489,42974,13112,56086,71.46,291
TRIPURA,North Tripura,16,4,628073,136574,61437,20585,82022,60.06,292
TRIPURA,South Tripura,16,2,795572,190414,101434,16867,118301,62.13,290
TRIPURA,West Tripura,16,1,1226578,291585,155819,22970,178789,61.32,289
UTTAR PRADESH,Agra,9,15,2503237,375187,80812,689,81501,21.72,146
UTTAR PRADESH,Aligarh,9,12,2523924,418563,164675,419,165094,39.44,143
UTTAR PRADESH,Allahabad,9,44,4644022,705588,275789,1143,276932,39.25,175
UTTAR PRADESH,Ambedkar Nagar,9,47,2272239,322410,122276,476,122752,38.07,178
UTTAR PRADESH,Auraiya,9,31,1167170,209864,89568,598,90166,42.96,162
UTTAR PRADESH,Azamgarh,9,60,4941200,615199,110654,423,111077,18.06,191
UTTAR PRADESH,Baghpat,9,8,1014440,161232,33863,151,34014,21.10,139
UTTAR PRADESH,Bahraich,9,49,3078482,541484,292526,751,293277,54.16,180
UTTAR PRADESH,Ballia,9,62,3139924,426709,187562,902,188464,44.17,193
UTTAR PRADESH,Balrampur,9,51,2054040,293520,126806,771,127577,43.46,182
UTTAR PRADESH,Banda,9,39,1566411,269240,126152,449,126601,47.02,170
UTTAR PRADESH,Bareilly,9,19,2865615,475247,161757,994,162751,34.25,150
UTTAR PRADESH,Basti,9,54,2567434,385828,161298,1044,162342,42.08,185
UTTAR PRADESH,Bijnor,9,3,2897887,495304,213902,609,214511,43.31,134
UTTAR PRADESH,Budaun,9,18,3083271,480817,208915,1961,210876,43.86,149
UTTAR PRADESH,Bulandshahr,9,11,2620288,427475,149052,572,149624,35.00,142
UTTAR PRADESH,Chandauli,9,65,1748581,265851,128953,503,129456,48.69,196
UTTAR PRADESH,Chitrakoot,9,40,912539,152132,78541,1040,79581,52.31,171
UTTAR PRADESH,Deoria,9,59,3216545,450667,147238,755,147993,32.84,190
UTTAR PRADESH,Etah,9,70,1539644,241868,87284,324,87608,36.22,201
UTTAR PRADESH,Etawah,9,30,1265158,213944,84675,260,84935,39.70,161
UTTAR PRADESH,Faizabad,9,46,2352401,377144,171443,705,172148,45.65,177
UTTAR PRADESH,Farrukhabad,9,28,1566286,249331,110389,566,110955,44.50,159
UTTAR PRADESH,Fatehpur,9,41,2332489,415053,198827,804,199631,48.10,172
UTTAR PRADESH,Firozabad,9,16,1608844,265386,92208,282,92490,34.85,147
UTTAR PRADESH,Gautam Buddha Nagar,9,10,1519994,289590,24602,201,24803,8.56,141
UTTAR PRADESH,Ghaziabad,9,9,1790349,295081,65190,325,65515,22.20,140
UTTAR PRADESH,Ghazipur,9,64,3566561,476147,138721,579,139300,29.26,195
UTTAR PRADESH,Gonda,9,52,3328710,523254,224363,1089,225452,43.09,183
UTTAR PRADESH,Gorakhpur,9,57,3860919,599152,274745,1696,276441,46.14,188
UTTAR PRADESH,Hamirpur,9,37,1000436,174857,75096,227,75323,43.08,168
UTTAR PRADESH,Hardoi,9,24,3684956,617677,264996,705,265701,43.02,155
UTTAR PRADESH,Jalaun,9,34,1255633,211977,77590,184,77774,36.69,165
UTTAR PRADESH,Jaunpur,9,63,4553449,596098,178387,2727,181114,30.38,194
UTTAR PRADESH,Jhansi,9,35,1125459,212906,70792,216,71008,33.35,166
UTTAR PRADESH,Kannauj,9,29,1440493,237103,99253,612,99865,42.12,160
UTTAR PRADESH,Kanpur Dehat,9,32,1747986,310765,140441,659,141100,45.40,163
UTTAR PRADESH,Kanpur Nagar,9,33,1610712,289213,118540,2108,120648,41.72,164
UTTAR PRADESH,Kanshiram Nagar,9,71,1201906,191433,82276,197,82473,43.08,202
UTTAR PRADESH,Kaushambi,9,43,1476137,255994,124346,1204,125550,49.04,174
UTTAR PRADESH,Kheri,9,22,3708106,640850,358687,1319,360006,56.18,153
UTTAR PRADESH,Lalitpur,9,36,1030269,186311,59353,157,59510,31.94,167
UTTAR PRADESH,Lucknow,9,26,1563213,278203,134932,596,135528,48.72,157
UTTAR PRADESH,Mahamaya Nagar,9,13,1193115,199901,53408,545,53953,26.99,144
UTTAR PRADESH,Mahoba,9,38,745577,127389,52885,182,53067,41.66,169
UTTAR PRADESH,Mainpuri,9,17,1638713,258844,87138,778,87916,33.96,148
UTTAR PRADESH,Mathura,9,14,1758865,294772,83576,1020,84596,28.70,145
UTTAR PRADESH,Mau,9,61,1953825,262251,88040,833,88873,33.89,192
UTTAR PRADESH,Meerut,9,7,1673774,261180,93536,500,94036,36.00,138
UTTAR PRADESH,Mirzapur,9,68,2249441,340748,172061,3039,175100,51.39,199
UTTAR PRADESH,Moradabad,9,4,3305844,521305,223101,808,223909,42.95,135
UTTAR PRADESH,Muzaffarnagar,9,2,3082030,502344,69943,115,70058,13.95,133
UTTAR PRADESH,Pilibhit,9,20,1755912,303726,168501,454,168955,55.63,151
UTTAR PRADESH,Pratapgarh,9,42,3153263,494720,192313,1028,193341,39.08,173
UTTAR PRADESH,Rae Bareli,9,27,3175222,569800,286101,1804,287905,50.53,158
UTTAR PRADESH,Rampur,9,5,1745697,299292,68462,50,68512,22.89,136
UTTAR PRADESH,Saharanpur,9,1,2383346,418340,84297,212,84509,20.20,132
UTTAR PRADESH,Shahjahanpur,9,21,2376415,405601,209447,537,209984,51.77,152
UTTAR PRADESH,Sitapur,9,23,4023932,714977,423069,1552,424621,59.39,154
UTTAR PRADESH,Sonbhadra,9,69,1662558,288433,156501,8178,164679,57.09,200
UTTAR PRADESH,Sultanpur,9,48,3299833,563089,245745,1293,247038,43.87,179
UTTAR PRADESH,Unnao,9,25,2683267,481545,238973,2761,241734,50.20,156
UTTAR PRADESH,Varanasi,9,66,2470821,343657,118324,3443,121767,35.43,197
UTTARAKHAND,Almora,5,9,560056,125275,34443,554,34997,27.94,64
UTTARAKHAND,Bageshwar,5,8,241413,53420,14438,35,14473,27.09,63
UTTARAKHAND,Chamoli,5,2,311057,70323,15653,247,15900,22.61,57
UTTARAKHAND,Champawat,5,10,223285,44150,12783,94,12877,29.17,65
UTTARAKHAND,Dehradun,5,5,847362,165649,36433,806,37239,22.48,60
UTTARAKHAND,Nainital,5,11,589240,117469,25069,204,25273,21.51,66
UTTARAKHAND,Pithoragarh,5,7,403713,91906,27521,162,27683,30.12,62
WEST BENGAL,Bankura,19,13,3423296,724878,453539,8757,462296,63.78,339
WEST BENGAL,Birbhum,19,8,3221127,758961,539344,14907,554251,73.03,334
WEST BENGAL,Jalpaiguri,19,2,3400984,761422,534009,4499,538508,70.72,328
WEST BENGAL,Maldah,19,6,3820114,802673,582575,11909,594484,74.06,332
WEST BENGAL,Murshidabad,19,7,6801254,1490524,1012374,39342,1051716,70.56,333
WEST BENGAL,Nadia,19,10,4387294,1036142,690686,11020,701706,67.72,336
ANDAMAN AND NICOBAR,Nicobars,35,1,13117,5384,631,1,632,11.74,638
ANDAMAN AND NICOBAR,North  & Middle Andaman,35,2,26990,13845,933,7,940,6.79,639
ANDAMAN AND NICOBAR,South Andaman,35,3,32158,20739,282,0,282,1.36,640
ANDHRA PRADESH,EastGodavari,28,14,4140064,1176639,750290,27986,778276,66.14,545
ANDHRA PRADESH,SriPottiSriramuluNellore,28,19,2197217,590457,342293,3123,345416,58.50,550
ANDHRA PRADESH,Visakhapatnam,28,13,2379806,602256,358012,959,358971,59.60,544
ANDHRA PRADESH,WestGodavari,28,15,3140184,881322,500577,4656,505233,57.33,546
ANDHRA PRADESH,YSR,28,20,2011408,516185,168409,404,168813,32.70,551
ARUNACHAL PRADESH,Dibang Valley,12,13,4395,1241,514,2,516,41.58,
ASSAM,DimaHasao,18,16,161091,31408,22682,5,22687,72.23,315
ASSAM,KamrupMetropolitan,18,23,265192,58277,22444,105,22549,38.69,322
ASSAM,KarbiAnglong,18,15,875913,154898,97801,185,97986,63.26,314
BIHAR,Aurangabad,10,33,2391102,366898,194895,669,195564,53.30,235
BIHAR,Kaimur Bhabua,10,31,1628597,241516,123911,462,124373,51.50,233
BIHAR,Purba Champaran,10,2,4885825,917790,555062,1594,556656,60.65,204
CHHATTISGARH,Dakshin Bastar Dantewada,22,17,404401,98185,81399,426,81825,83.34,
CHHATTISGARH,Dhamtari ,22,13,655561,144908,84523,3423,87946,60.69,412
CHHATTISGARH,Janjgir - Champa,22,6,1453043,341618,246192,4767,250959,73.46,405
CHHATTISGARH,Jashpur ,22,3,802755,187698,136360,11917,148277,79.00,402
CHHATTISGARH,Kabeerdham,22,8,712244,162182,105854,9741,115595,71.27,
CHHATTISGARH,Korba ,22,5,774606,189855,149362,5860,155222,81.76,404
CHHATTISGARH,Koriya,22,1,436856,110427,75730,6462,82192,74.43,400
CHHATTISGARH,Rajnandgaon,22,9,1268333,265975,166892,2572,169464,63.71,408
CHHATTISGARH,Uttar Bastar Kanker,22,14,653162,145079,103438,473,103911,71.62,
DADRA & NAGAR HAVELI,DADRA & NAGAR HAVELI,26,1,214842,45352,25378,298,25676,56.61,496
GOA,NorthGoa,30,1,601934,140451,14627,74,14701,10.47,585
GOA,SouthGoa,30,2,341196,80280,9156,61,9217,11.48,586
GUJARAT,The Dangs,24,22,239074,44869,34455,474,34929,77.85,
HIMACHAL PRADESH,LahulSpiti,2,3,29332,6177,2230,53,2283,36.96,25
JAMMU AND KASHMIR,Badgam,1,2,670582,97773,29555,853,30408,31.10,2
JAMMU AND KASHMIR,Baramula,1,8,753104,112546,33663,683,34346,30.52,8
JAMMU AND KASHMIR,Leh(Ladakh),1,3,91540,17723,3704,37,3741,21.11,3
JAMMU AND KASHMIR,Shupiyan,1,13,243822,42691,14499,334,14833,34.75,13
JHARKHAND,Kodarma,20,3,628340,96609,39677,382,40059,41.47,348
JHARKHAND,Pashchimi Singhbhum,20,23,1260392,247857,126411,499,126910,51.20,368
JHARKHAND,Purbi Singhbhum,20,12,1274198,273216,134373,2722,137095,50.18,357
JHARKHAND,Sahibganj,20,7,1092746,205762,150166,4407,154573,75.12,352
JHARKHAND,Saraikela-Kharsawan,20,24,817220,167827,72779,411,73190,43.61,369
KARNATAKA,Bagalkot,29,2,1248313,240555,87638,677,88315,36.71,556
KARNATAKA,Bangalore,29,18,1107019,269172,91626,633,92259,34.28,583
KARNATAKA,Chamarajanagar,29,24,862383,203466,107652,2142,109794,53.96,578
KARNATAKA,Dharwad,29,8,801988,160538,58849,221,59070,36.80,562
KARNATAKA,Gulbarga(Kalaburagi),29,25,1712128,314651,120193,2372,122565,38.95,579
KERALA,Kasaragod,32,1,1121976,232943,46764,507,47271,20.29,588
KERALA,Kozhikode,32,4,2357455,537969,122131,1106,123237,22.91,591
LAKSHADWEEP,Lakshadweep,31,1,64010,10929,1455,13,1468,13.43,
MADHYA PRADESH,Ashoknagar,23,42,647813,135299,68303,11879,80182,59.26,459
MADHYA PRADESH,East Nimar,23,49,1009446,211240,118982,4629,123611,58.52,440
MADHYA PRADESH,Narsimhapur,23,35,882456,212280,139426,7199,146625,69.07,452
MADHYA PRADESH,Singrauli,23,46,906506,199925,127758,15078,142836,71.44,463
MADHYA PRADESH,West Nimar,23,23,1657744,328941,218730,3771,222501,67.64,466
MAHARASHTRA,Ahmadnagar,27,26,3740254,763339,283147,4422,287569,37.67,522
MAHARASHTRA,Bid,27,27,2111335,460613,191696,5737,197433,42.86,523
MAHARASHTRA,Buldana,27,4,2057164,461842,241038,2654,243692,52.77,500
MAHARASHTRA,Gondiya,27,11,1166705,265214,157760,4681,162441,61.25,507
MAHARASHTRA,Raigarh,27,24,1983020,453135,102621,28472,131093,28.93,520
MANIPUR,ImphalEast,14,7,357112,71558,22874,62,22936,32.05,278
MANIPUR,ImphalWest,14,6,243297,52166,13916,35,13951,26.74,277
MEGHALAYA,Jaintia Hills,17,7,354632,66003,36619,18,36637,55.51,
MEGHALAYA,Ribhoi,17,5,241181,45228,29996,33,30029,66.39,297
NAGALAND,Dimapur ,13,5,199163,41147,14787,119,14906,36.23,265
NAGALAND,Peren,13,11,81278,15178,11515,13,11528,75.95,271
ODISHA,Anugul,21,15,1163561,280707,161069,1515,162584,57.92,384
ODISHA,Balangir,21,24,1544922,405981,309676,3718,313394,77.19,393
ODISHA,Baudh,21,22,420960,108931,76604,545,77149,70.82,391
ODISHA,Debagarh,21,4,300516,74644,51175,750,51925,69.56,373
ODISHA,Jajapur,21,13,1829881,409438,252340,4982,257322,62.85,382
ODISHA,Subarnapur,21,23,569438,147869,97598,2216,99814,67.50,392
PUDUCHERRY,Karaikal,34,4,106048,26351,9426,57,9483,35.99,637
PUDUCHERRY,Puducherry,34,2,369503,88898,30910,254,31164,35.06,635
PUNJAB,Firozpur,3,9,1442859,270011,101834,737,102571,37.99,43
PUNJAB,Sahibzada Ajit Singh Nagar,3,18,452150,85222,16665,138,16803,19.72,52
PUNJAB,Shahid Bhagat Singh Nagar,3,5,491788,103553,15689,356,16045,15.49,
PUNJAB,Tarn Taran,3,16,922008,165688,41442,1126,42568,25.69,50
RAJASTHAN,Chittaurgarh,8,28,1298067,277402,140923,1325,142248,51.28,126
RAJASTHAN,Dhaulpur,8,8,1003194,173796,99349,1028,100377,57.76,106
RAJASTHAN,Ganganagar,8,1,1438661,287488,145134,651,145785,50.71,
RAJASTHAN,Jalor,8,18,1785394,324662,161498,2669,164167,50.57,116
RAJASTHAN,Jhunjhunun,8,5,1825302,317727,77008,1023,78031,24.56,103
SIKKIM,North District,11,1,30971,6550,3566,15,3581,54.67,241
TAMIL NADU,Kancheepuram,33,3,1712393,432465,173701,5830,179531,41.51,604
TAMIL NADU,Sivaganga,33,21,955798,240032,113991,138,114129,47.55,622
TAMIL NADU,Thiruvallur,33,1,1444175,368152,156716,6223,162939,44.26,602
TAMIL NADU,Thiruvarur,33,18,998920,258848,155180,105,155285,59.99,619
TAMIL NADU,Tiruppur,33,32,1083257,318659,125728,68,125796,39.48,633
TAMIL NADU,Viluppuram,33,6,2948961,671784,342610,1652,344262,51.25,607
TELANGANA,Rangareddy,36,6,2227687,502832,147389,970,148359,29.50,537
UTTAR PRADESH,Bara Banki,9,45,3041968,533550,269216,1405,270621,50.72,176
UTTAR PRADESH,Jyotiba Phule Nagar,9,6,1332267,228537,38004,190,38194,16.71,137
UTTAR PRADESH,Kushinagar,9,58,3603381,574969,253719,1371,255090,44.37,189
UTTAR PRADESH,Mahrajganj,9,56,2706113,407828,169892,1101,170993,41.93,187
UTTAR PRADESH,Sant Kabir Nagar,9,55,1709379,243670,102380,411,102791,42.18,186
UTTAR PRADESH,Sant Ravidas Nagar (Bhadohi),9,67,1519591,191630,80970,867,81837,42.71,198
UTTAR PRADESH,Shrawasti,9,50,1039779,179481,89110,491,89601,49.92,181
UTTAR PRADESH,Siddharthnagar,9,53,2547223,382311,145102,1230,146332,38.28,184
UTTARAKHAND,Garhwal,5,6,579152,140122,33510,504,34014,24.27,
UTTARAKHAND,Hardwar,5,13,1347307,231792,91393,859,92252,39.80,68
UTTARAKHAND,Rudraprayag,5,3,228125,48830,7794,19,7813,16.00,58
UTTARAKHAND,TehriGarhwal,5,4,537113,119766,31548,284,31832,26.58,59
UTTARAKHAND,UdhamSinghNagar,5,12,1086897,206204,75284,847,76131,36.92,67
UTTARAKHAND,Uttarkashi,5,1,277025,64836,24019,111,24130,37.22,56
WEST BENGAL,Barddhaman,19,9,5503907,1250095,757529,13792,771321,61.70,
WEST BENGAL,DakshinDinajpur,19,5,1482142,349140,231494,3727,235221,67.37,331
WEST BENGAL,Darjiling,19,1,1309512,279770,151849,621,152470,54.50,327
WEST BENGAL,Haora,19,15,3243000,708849,387040,5435,392475,55.37,341
WEST BENGAL,Hugli,19,12,3996736,920643,480068,7567,487635,52.97,338
WEST BENGAL,KochBihar,19,3,2670225,635046,438063,7180,445243,70.11,329
WEST BENGAL,NorthTwentyFourParganas,19,11,5026419,1183056,767011,15349,782360,66.13,337
WEST BENGAL,PaschimMedinipur,19,18,5335598,1192518,659242,16468,675710,56.66,344
WEST BENGAL,PurbaMedinipur,19,19,4763259,1059248,601507,14912,616419,58.19,345
WEST BENGAL,Puruliya,19,14,2780989,536972,348801,6312,355113,66.13,340
WEST BENGAL,SouthTwentyFourParganas,19,17,6877633,1523398,1052524,16789,1069313,70.19,343
WEST BENGAL,UttarDinajpur,19,4,2724766,543415,368611,4623,373234,68.68,330